Institution,Formation,Debouches,Preprocessed Debouches,actuary,administrator,analyst,application,architect,automation,automotive,backend,big,bioinformatics,biologist,biomedical,cartographer,chain,chemical,civil,climate,cloud,computational,construction,consultant,control,cybersecurity,data,decision,designer,developer,development,device,ecological,electric,electrical,embedded,energy,engineer,environmental,financial,firmware,frequency,genomics,geospatial,gis,healthcare,hydrologist,improvement,industrial,infrastructure,integrator,iot,lean,learning,logistics,machine,maintenance,manager,mapping,materials,mechanical,medical,meteorologist,network,operations,optimization,planner,power,process,production,quality,radio,renewable,researcher,resource,risk,robotics,scientist,security,smart,software,specialist,supply,support,sustainability,sustainable,system,systems,technologies,telecom,telecommunications,thermal,transport,urban,vehicle,water
AIAC Académie Internationale Mohammed VI de l’Aviation Civile,Génie Industriel et Productique,"Production Manager, Industrial Engineer, Lean Consultant, Process Optimization Specialist",production manager industrial engineer lean consultant process optimization specialist,0,0,0,0,0,0,0,0,0,0,0,0,0,0,0,0,0,0,0,0,1,0,0,0,0,0,0,0,0,0,0,0,0,0,1,0,0,0,0,0,0,0,0,0,0,1,0,0,0,1,0,0,0,0,1,0,0,0,0,0,0,0,1,0,0,1,1,0,0,0,0,0,0,0,0,0,0,0,1,0,0,0,0,0,0,0,0,0,0,0,0,0,0
AIAC Académie Internationale Mohammed VI de l’Aviation Civile,Génie Électrique Électronique et Télécommunications,"Electrical Designer, Power Systems Engineer, Maintenance Manager, Telecommunications Engineer",electrical designer power systems engineer maintenance manager telecommunications engineer,0,0,0,0,0,0,0,0,0,0,0,0,0,0,0,0,0,0,0,0,0,0,0,0,0,1,0,0,0,0,0,1,0,0,1,0,0,0,0,0,0,0,0,0,0,0,0,0,0,0,0,0,0,1,1,0,0,0,0,0,0,0,0,0,1,0,0,0,0,0,0,0,0,0,0,0,0,0,0,0,0,0,0,0,1,0,0,1,0,0,0,0,0
AIAC Académie Internationale Mohammed VI de l’Aviation Civile,Génie Informatique,"Software Developer, Systems Analyst, Cloud Architect, Data Engineer",software developer systems analyst cloud architect data engineer,0,0,1,0,1,0,0,0,0,0,0,0,0,0,0,0,0,1,0,0,0,0,0,1,0,0,1,0,0,0,0,0,0,0,1,0,0,0,0,0,0,0,0,0,0,0,0,0,0,0,0,0,0,0,0,0,0,0,0,0,0,0,0,0,0,0,0,0,0,0,0,0,0,0,0,0,0,1,0,0,0,0,0,0,1,0,0,0,0,0,0,0,0
EHTP École Hassania des Travaux Publics,Génie Civil,"Civil Engineer, Infrastructure Manager, Urban Planner, Construction Manager",civil engineer infrastructure manager urban planner construction manager,0,0,0,0,0,0,0,0,0,0,0,0,0,0,0,1,0,0,0,1,0,0,0,0,0,0,0,0,0,0,0,0,0,0,1,0,0,0,0,0,0,0,0,0,0,0,1,0,0,0,0,0,0,0,1,0,0,0,0,0,0,0,0,1,0,0,0,0,0,0,0,0,0,0,0,0,0,0,0,0,0,0,0,0,0,0,0,0,0,0,1,0,0
EHTP École Hassania des Travaux Publics,Génie Electrique,"Electrical Designer, Power Systems Engineer, Maintenance Manager, Telecommunications Engineer",electrical designer power systems engineer maintenance manager telecommunications engineer,0,0,0,0,0,0,0,0,0,0,0,0,0,0,0,0,0,0,0,0,0,0,0,0,0,1,0,0,0,0,0,1,0,0,1,0,0,0,0,0,0,0,0,0,0,0,0,0,0,0,0,0,0,1,1,0,0,0,0,0,0,0,0,0,1,0,0,0,0,0,0,0,0,0,0,0,0,0,0,0,0,0,0,0,1,0,0,1,0,0,0,0,0
EHTP École Hassania des Travaux Publics,Génie Informatique,"Software Developer, Systems Analyst, Cloud Architect, Data Engineer",software developer systems analyst cloud architect data engineer,0,0,1,0,1,0,0,0,0,0,0,0,0,0,0,0,0,1,0,0,0,0,0,1,0,0,1,0,0,0,0,0,0,0,1,0,0,0,0,0,0,0,0,0,0,0,0,0,0,0,0,0,0,0,0,0,0,0,0,0,0,0,0,0,0,0,0,0,0,0,0,0,0,0,0,0,0,1,0,0,0,0,0,0,1,0,0,0,0,0,0,0,0
EHTP École Hassania des Travaux Publics,Ingénierie de l’Hydraulique et de l’Environnement,"Water Resource Engineer, Environmental Consultant, Hydrologist",water resource engineer environmental consultant hydrologist,0,0,0,0,0,0,0,0,0,0,0,0,0,0,0,0,0,0,0,0,1,0,0,0,0,0,0,0,0,0,0,0,0,0,1,1,0,0,0,0,0,0,0,1,0,0,0,0,0,0,0,0,0,0,0,0,0,0,0,0,0,0,0,0,0,0,0,0,0,0,0,1,0,0,0,0,0,0,0,0,0,0,0,0,0,0,0,0,0,0,0,0,1
EHTP École Hassania des Travaux Publics,Ingénierie de la Ville et de l’Environnement,"Environmental Process Engineer, Sustainability Specialist, Renewable Energy Analyst",environmental process engineer sustainability specialist renewable energy analyst,0,0,1,0,0,0,0,0,0,0,0,0,0,0,0,0,0,0,0,0,0,0,0,0,0,0,0,0,0,0,0,0,0,1,1,1,0,0,0,0,0,0,0,0,0,0,0,0,0,0,0,0,0,0,0,0,0,0,0,0,0,0,0,0,0,1,0,0,0,1,0,0,0,0,0,0,0,0,1,0,0,1,0,0,0,0,0,0,0,0,0,0,0
EHTP École Hassania des Travaux Publics,Sciences de l’Information Géographique,"GIS Analyst, Cartographer, Geospatial Consultant",gis analyst cartographer geospatial consultant,0,0,1,0,0,0,0,0,0,0,0,0,1,0,0,0,0,0,0,0,1,0,0,0,0,0,0,0,0,0,0,0,0,0,0,0,0,0,0,0,1,1,0,0,0,0,0,0,0,0,0,0,0,0,0,0,0,0,0,0,0,0,0,0,0,0,0,0,0,0,0,0,0,0,0,0,0,0,0,0,0,0,0,0,0,0,0,0,0,0,0,0,0
EHTP École Hassania des Travaux Publics,Génie Logistique et Transports,"Logistics Manager, Supply Chain Analyst, Transport Systems Engineer",logistics manager supply chain analyst transport systems engineer,0,0,1,0,0,0,0,0,0,0,0,0,0,1,0,0,0,0,0,0,0,0,0,0,0,0,0,0,0,0,0,0,0,0,1,0,0,0,0,0,0,0,0,0,0,0,0,0,0,0,0,1,0,0,1,0,0,0,0,0,0,0,0,0,0,0,0,0,0,0,0,0,0,0,0,0,0,0,0,1,0,0,0,0,1,0,0,0,0,1,0,0,0
EHTP École Hassania des Travaux Publics,Météorologie,"Meteorologist, Climate Analyst, Environmental Researcher",meteorologist climate analyst environmental researcher,0,0,1,0,0,0,0,0,0,0,0,0,0,0,0,0,1,0,0,0,0,0,0,0,0,0,0,0,0,0,0,0,0,0,0,1,0,0,0,0,0,0,0,0,0,0,0,0,0,0,0,0,0,0,0,0,0,0,0,1,0,0,0,0,0,0,0,0,0,0,1,0,0,0,0,0,0,0,0,0,0,0,0,0,0,0,0,0,0,0,0,0,0
EIA Ecole d’Ingénieurs Abulcasis,Génie Informatique,"Software Developer, Systems Analyst, Cloud Architect, Data Engineer",software developer systems analyst cloud architect data engineer,0,0,1,0,1,0,0,0,0,0,0,0,0,0,0,0,0,1,0,0,0,0,0,1,0,0,1,0,0,0,0,0,0,0,1,0,0,0,0,0,0,0,0,0,0,0,0,0,0,0,0,0,0,0,0,0,0,0,0,0,0,0,0,0,0,0,0,0,0,0,0,0,0,0,0,0,0,1,0,0,0,0,0,0,1,0,0,0,0,0,0,0,0
EIA Ecole d’Ingénieurs Abulcasis,Génie des Procédés Industriels et Pharmaceutiques,"Production Manager, Industrial Engineer, Lean Consultant, Process Optimization Specialist",production manager industrial engineer lean consultant process optimization specialist,0,0,0,0,0,0,0,0,0,0,0,0,0,0,0,0,0,0,0,0,1,0,0,0,0,0,0,0,0,0,0,0,0,0,1,0,0,0,0,0,0,0,0,0,0,1,0,0,0,1,0,0,0,0,1,0,0,0,0,0,0,0,1,0,0,1,1,0,0,0,0,0,0,0,0,0,0,0,1,0,0,0,0,0,0,0,0,0,0,0,0,0,0
EMI École Mohammadia d'Ingénieurs,Génie Civil,"Civil Engineer, Infrastructure Manager, Urban Planner, Construction Manager",civil engineer infrastructure manager urban planner construction manager,0,0,0,0,0,0,0,0,0,0,0,0,0,0,0,1,0,0,0,1,0,0,0,0,0,0,0,0,0,0,0,0,0,0,1,0,0,0,0,0,0,0,0,0,0,0,1,0,0,0,0,0,0,0,1,0,0,0,0,0,0,0,0,1,0,0,0,0,0,0,0,0,0,0,0,0,0,0,0,0,0,0,0,0,0,0,0,0,0,0,1,0,0
EMI École Mohammadia d'Ingénieurs,Génie des Procédés Industriels,"Production Manager, Industrial Engineer, Lean Consultant, Process Optimization Specialist",production manager industrial engineer lean consultant process optimization specialist,0,0,0,0,0,0,0,0,0,0,0,0,0,0,0,0,0,0,0,0,1,0,0,0,0,0,0,0,0,0,0,0,0,0,1,0,0,0,0,0,0,0,0,0,0,1,0,0,0,1,0,0,0,0,1,0,0,0,0,0,0,0,1,0,0,1,1,0,0,0,0,0,0,0,0,0,0,0,1,0,0,0,0,0,0,0,0,0,0,0,0,0,0
EMI École Mohammadia d'Ingénieurs,Génie Electrique,"Electrical Designer, Power Systems Engineer, Maintenance Manager, Telecommunications Engineer",electrical designer power systems engineer maintenance manager telecommunications engineer,0,0,0,0,0,0,0,0,0,0,0,0,0,0,0,0,0,0,0,0,0,0,0,0,0,1,0,0,0,0,0,1,0,0,1,0,0,0,0,0,0,0,0,0,0,0,0,0,0,0,0,0,0,1,1,0,0,0,0,0,0,0,0,0,1,0,0,0,0,0,0,0,0,0,0,0,0,0,0,0,0,0,0,0,1,0,0,1,0,0,0,0,0
EMI École Mohammadia d'Ingénieurs,Génie Industriel,"Production Manager, Industrial Engineer, Lean Consultant, Process Optimization Specialist",production manager industrial engineer lean consultant process optimization specialist,0,0,0,0,0,0,0,0,0,0,0,0,0,0,0,0,0,0,0,0,1,0,0,0,0,0,0,0,0,0,0,0,0,0,1,0,0,0,0,0,0,0,0,0,0,1,0,0,0,1,0,0,0,0,1,0,0,0,0,0,0,0,1,0,0,1,1,0,0,0,0,0,0,0,0,0,0,0,1,0,0,0,0,0,0,0,0,0,0,0,0,0,0
EMI École Mohammadia d'Ingénieurs,Génie Informatique,"Software Developer, Systems Analyst, Cloud Architect, Data Engineer",software developer systems analyst cloud architect data engineer,0,0,1,0,1,0,0,0,0,0,0,0,0,0,0,0,0,1,0,0,0,0,0,1,0,0,1,0,0,0,0,0,0,0,1,0,0,0,0,0,0,0,0,0,0,0,0,0,0,0,0,0,0,0,0,0,0,0,0,0,0,0,0,0,0,0,0,0,0,0,0,0,0,0,0,0,0,1,0,0,0,0,0,0,1,0,0,0,0,0,0,0,0
EMI École Mohammadia d'Ingénieurs,Génie Mécanique,"Mechanical Designer, Thermal Systems Engineer, Automotive Engineer",mechanical designer thermal systems engineer automotive engineer,0,0,0,0,0,0,1,0,0,0,0,0,0,0,0,0,0,0,0,0,0,0,0,0,0,1,0,0,0,0,0,0,0,0,1,0,0,0,0,0,0,0,0,0,0,0,0,0,0,0,0,0,0,0,0,0,0,1,0,0,0,0,0,0,0,0,0,0,0,0,0,0,0,0,0,0,0,0,0,0,0,0,0,0,1,0,0,0,1,0,0,0,0
EMI École Mohammadia d'Ingénieurs,Génie Minéral,"AI System Developer, Control Systems Engineer, Smart Technologies Consultant",system developer control systems engineer smart technologies consultant,0,0,0,0,0,0,0,0,0,0,0,0,0,0,0,0,0,0,0,0,1,1,0,0,0,0,1,0,0,0,0,0,0,0,1,0,0,0,0,0,0,0,0,0,0,0,0,0,0,0,0,0,0,0,0,0,0,0,0,0,0,0,0,0,0,0,0,0,0,0,0,0,0,0,0,0,1,0,0,0,0,0,0,1,1,1,0,0,0,0,0,0,0
EMI École Mohammadia d'Ingénieurs,Génie Modélisation et Informatique Scientifique,"Software Developer, Systems Analyst, Cloud Architect, Data Engineer",software developer systems analyst cloud architect data engineer,0,0,1,0,1,0,0,0,0,0,0,0,0,0,0,0,0,1,0,0,0,0,0,1,0,0,1,0,0,0,0,0,0,0,1,0,0,0,0,0,0,0,0,0,0,0,0,0,0,0,0,0,0,0,0,0,0,0,0,0,0,0,0,0,0,0,0,0,0,0,0,0,0,0,0,0,0,1,0,0,0,0,0,0,1,0,0,0,0,0,0,0,0
ENSEM École Nationale Supérieure d'Électricité et de Mécanique,"Conception, Mécanique et Production Intégrée","Mechanical Designer, Thermal Systems Engineer, Automotive Engineer",mechanical designer thermal systems engineer automotive engineer,0,0,0,0,0,0,1,0,0,0,0,0,0,0,0,0,0,0,0,0,0,0,0,0,0,1,0,0,0,0,0,0,0,0,1,0,0,0,0,0,0,0,0,0,0,0,0,0,0,0,0,0,0,0,0,0,0,1,0,0,0,0,0,0,0,0,0,0,0,0,0,0,0,0,0,0,0,0,0,0,0,0,0,0,1,0,0,0,1,0,0,0,0
ENSEM École Nationale Supérieure d'Électricité et de Mécanique,Contrôle Automatique des Procédés Industriels,"Production Manager, Industrial Engineer, Lean Consultant, Process Optimization Specialist",production manager industrial engineer lean consultant process optimization specialist,0,0,0,0,0,0,0,0,0,0,0,0,0,0,0,0,0,0,0,0,1,0,0,0,0,0,0,0,0,0,0,0,0,0,1,0,0,0,0,0,0,0,0,0,0,1,0,0,0,1,0,0,0,0,1,0,0,0,0,0,0,0,1,0,0,1,1,0,0,0,0,0,0,0,0,0,0,0,1,0,0,0,0,0,0,0,0,0,0,0,0,0,0
ENSEM École Nationale Supérieure d'Électricité et de Mécanique,Génie des Systèmes Électriques,"Electrical Designer, Power Systems Engineer, Maintenance Manager, Telecommunications Engineer",electrical designer power systems engineer maintenance manager telecommunications engineer,0,0,0,0,0,0,0,0,0,0,0,0,0,0,0,0,0,0,0,0,0,0,0,0,0,1,0,0,0,0,0,1,0,0,1,0,0,0,0,0,0,0,0,0,0,0,0,0,0,0,0,0,0,1,1,0,0,0,0,0,0,0,0,0,1,0,0,0,0,0,0,0,0,0,0,0,0,0,0,0,0,0,0,0,1,0,0,1,0,0,0,0,0
ENSEM École Nationale Supérieure d'Électricité et de Mécanique,Génie des Systèmes Mécaniques,"Mechanical Designer, Thermal Systems Engineer, Automotive Engineer",mechanical designer thermal systems engineer automotive engineer,0,0,0,0,0,0,1,0,0,0,0,0,0,0,0,0,0,0,0,0,0,0,0,0,0,1,0,0,0,0,0,0,0,0,1,0,0,0,0,0,0,0,0,0,0,0,0,0,0,0,0,0,0,0,0,0,0,1,0,0,0,0,0,0,0,0,0,0,0,0,0,0,0,0,0,0,0,0,0,0,0,0,0,0,1,0,0,0,1,0,0,0,0
ENSEM École Nationale Supérieure d'Électricité et de Mécanique,"Génie Électrique, Systèmes Embarqués et Télécommunication","Electrical Designer, Power Systems Engineer, Maintenance Manager, Telecommunications Engineer",electrical designer power systems engineer maintenance manager telecommunications engineer,0,0,0,0,0,0,0,0,0,0,0,0,0,0,0,0,0,0,0,0,0,0,0,0,0,1,0,0,0,0,0,1,0,0,1,0,0,0,0,0,0,0,0,0,0,0,0,0,0,0,0,0,0,1,1,0,0,0,0,0,0,0,0,0,1,0,0,0,0,0,0,0,0,0,0,0,0,0,0,0,0,0,0,0,1,0,0,1,0,0,0,0,0
ENSEM École Nationale Supérieure d'Électricité et de Mécanique,Génie Industriel et Logistique,"Production Manager, Industrial Engineer, Lean Consultant, Process Optimization Specialist",production manager industrial engineer lean consultant process optimization specialist,0,0,0,0,0,0,0,0,0,0,0,0,0,0,0,0,0,0,0,0,1,0,0,0,0,0,0,0,0,0,0,0,0,0,1,0,0,0,0,0,0,0,0,0,0,1,0,0,0,1,0,0,0,0,1,0,0,0,0,0,0,0,1,0,0,1,1,0,0,0,0,0,0,0,0,0,0,0,1,0,0,0,0,0,0,0,0,0,0,0,0,0,0
ENSEM École Nationale Supérieure d'Électricité et de Mécanique,Génie Logiciel et Digitalisation,"Software Developer, Backend Engineer, Application Architect",software developer backend engineer application architect,0,0,0,1,1,0,0,1,0,0,0,0,0,0,0,0,0,0,0,0,0,0,0,0,0,0,1,0,0,0,0,0,0,0,1,0,0,0,0,0,0,0,0,0,0,0,0,0,0,0,0,0,0,0,0,0,0,0,0,0,0,0,0,0,0,0,0,0,0,0,0,0,0,0,0,0,0,1,0,0,0,0,0,0,0,0,0,0,0,0,0,0,0
ENSEM École Nationale Supérieure d'Électricité et de Mécanique,Procédés industriels et Plasturgie,"Production Manager, Industrial Engineer, Lean Consultant, Process Optimization Specialist",production manager industrial engineer lean consultant process optimization specialist,0,0,0,0,0,0,0,0,0,0,0,0,0,0,0,0,0,0,0,0,1,0,0,0,0,0,0,0,0,0,0,0,0,0,1,0,0,0,0,0,0,0,0,0,0,1,0,0,0,1,0,0,0,0,1,0,0,0,0,0,0,0,1,0,0,1,1,0,0,0,0,0,0,0,0,0,0,0,1,0,0,0,0,0,0,0,0,0,0,0,0,0,0
ENSEM École Nationale Supérieure d'Électricité et de Mécanique,"Qualité, Maintenance et Sécurité Industrielle","Production Manager, Industrial Engineer, Lean Consultant, Process Optimization Specialist",production manager industrial engineer lean consultant process optimization specialist,0,0,0,0,0,0,0,0,0,0,0,0,0,0,0,0,0,0,0,0,1,0,0,0,0,0,0,0,0,0,0,0,0,0,1,0,0,0,0,0,0,0,0,0,0,1,0,0,0,1,0,0,0,0,1,0,0,0,0,0,0,0,1,0,0,1,1,0,0,0,0,0,0,0,0,0,0,0,1,0,0,0,0,0,0,0,0,0,0,0,0,0,0
ENSMR École Nationale Supérieure Des Mines de Rabat,Aménagement et Exploitation des Sols et Sous-Sols,"Operations Analyst, Optimization Consultant, Decision Support Specialist",operations analyst optimization consultant decision support specialist,0,0,1,0,0,0,0,0,0,0,0,0,0,0,0,0,0,0,0,0,1,0,0,0,1,0,0,0,0,0,0,0,0,0,0,0,0,0,0,0,0,0,0,0,0,0,0,0,0,0,0,0,0,0,0,0,0,0,0,0,0,1,1,0,0,0,0,0,0,0,0,0,0,0,0,0,0,0,1,0,1,0,0,0,0,0,0,0,0,0,0,0,0
ENSMR École Nationale Supérieure Des Mines de Rabat,Électromécanique,"Mechanical Designer, Thermal Systems Engineer, Automotive Engineer",mechanical designer thermal systems engineer automotive engineer,0,0,0,0,0,0,1,0,0,0,0,0,0,0,0,0,0,0,0,0,0,0,0,0,0,1,0,0,0,0,0,0,0,0,1,0,0,0,0,0,0,0,0,0,0,0,0,0,0,0,0,0,0,0,0,0,0,1,0,0,0,0,0,0,0,0,0,0,0,0,0,0,0,0,0,0,0,0,0,0,0,0,0,0,1,0,0,0,1,0,0,0,0
ENSMR École Nationale Supérieure Des Mines de Rabat,Environnement et Sécurité Industriels,"Production Manager, Industrial Engineer, Lean Consultant, Process Optimization Specialist",production manager industrial engineer lean consultant process optimization specialist,0,0,0,0,0,0,0,0,0,0,0,0,0,0,0,0,0,0,0,0,1,0,0,0,0,0,0,0,0,0,0,0,0,0,1,0,0,0,0,0,0,0,0,0,0,1,0,0,0,1,0,0,0,0,1,0,0,0,0,0,0,0,1,0,0,1,1,0,0,0,0,0,0,0,0,0,0,0,1,0,0,0,0,0,0,0,0,0,0,0,0,0,0
ENSMR École Nationale Supérieure Des Mines de Rabat,Efficacité Energétique et Intégration des Energies Renouvelables,"Energy Consultant, Renewable Energy Specialist, Electric Vehicle Systems Engineer",energy consultant renewable energy specialist electric vehicle systems engineer,0,0,0,0,0,0,0,0,0,0,0,0,0,0,0,0,0,0,0,0,1,0,0,0,0,0,0,0,0,0,1,0,0,1,1,0,0,0,0,0,0,0,0,0,0,0,0,0,0,0,0,0,0,0,0,0,0,0,0,0,0,0,0,0,0,0,0,0,0,1,0,0,0,0,0,0,0,0,1,0,0,0,0,0,1,0,0,0,0,0,0,1,0
ENSMR École Nationale Supérieure Des Mines de Rabat,Génie Énergétique,"AI System Developer, Control Systems Engineer, Smart Technologies Consultant",system developer control systems engineer smart technologies consultant,0,0,0,0,0,0,0,0,0,0,0,0,0,0,0,0,0,0,0,0,1,1,0,0,0,0,1,0,0,0,0,0,0,0,1,0,0,0,0,0,0,0,0,0,0,0,0,0,0,0,0,0,0,0,0,0,0,0,0,0,0,0,0,0,0,0,0,0,0,0,0,0,0,0,0,0,1,0,0,0,0,0,0,1,1,1,0,0,0,0,0,0,0
ENSMR École Nationale Supérieure Des Mines de Rabat,Génie Civil et Minier,"Civil Engineer, Infrastructure Manager, Urban Planner, Construction Manager",civil engineer infrastructure manager urban planner construction manager,0,0,0,0,0,0,0,0,0,0,0,0,0,0,0,1,0,0,0,1,0,0,0,0,0,0,0,0,0,0,0,0,0,0,1,0,0,0,0,0,0,0,0,0,0,0,1,0,0,0,0,0,0,0,1,0,0,0,0,0,0,0,0,1,0,0,0,0,0,0,0,0,0,0,0,0,0,0,0,0,0,0,0,0,0,0,0,0,0,0,1,0,0
ENSMR École Nationale Supérieure Des Mines de Rabat,Génie Informatique,"Software Developer, Systems Analyst, Cloud Architect, Data Engineer",software developer systems analyst cloud architect data engineer,0,0,1,0,1,0,0,0,0,0,0,0,0,0,0,0,0,1,0,0,0,0,0,1,0,0,1,0,0,0,0,0,0,0,1,0,0,0,0,0,0,0,0,0,0,0,0,0,0,0,0,0,0,0,0,0,0,0,0,0,0,0,0,0,0,0,0,0,0,0,0,0,0,0,0,0,0,1,0,0,0,0,0,0,1,0,0,0,0,0,0,0,0
ENSMR École Nationale Supérieure Des Mines de Rabat,Génie Industriel,"Production Manager, Industrial Engineer, Lean Consultant, Process Optimization Specialist",production manager industrial engineer lean consultant process optimization specialist,0,0,0,0,0,0,0,0,0,0,0,0,0,0,0,0,0,0,0,0,1,0,0,0,0,0,0,0,0,0,0,0,0,0,1,0,0,0,0,0,0,0,0,0,0,1,0,0,0,1,0,0,0,0,1,0,0,0,0,0,0,0,1,0,0,1,1,0,0,0,0,0,0,0,0,0,0,0,1,0,0,0,0,0,0,0,0,0,0,0,0,0,0
ENSMR École Nationale Supérieure Des Mines de Rabat,Ingénierie des Procédés Industriels,"Production Manager, Industrial Engineer, Lean Consultant, Process Optimization Specialist",production manager industrial engineer lean consultant process optimization specialist,0,0,0,0,0,0,0,0,0,0,0,0,0,0,0,0,0,0,0,0,1,0,0,0,0,0,0,0,0,0,0,0,0,0,1,0,0,0,0,0,0,0,0,0,0,1,0,0,0,1,0,0,0,0,1,0,0,0,0,0,0,0,1,0,0,1,1,0,0,0,0,0,0,0,0,0,0,0,1,0,0,0,0,0,0,0,0,0,0,0,0,0,0
ENSMR École Nationale Supérieure Des Mines de Rabat,Génie Productique,"Urban Planner, Environmental Engineer, Sustainable Development Specialist",urban planner environmental engineer sustainable development specialist,0,0,0,0,0,0,0,0,0,0,0,0,0,0,0,0,0,0,0,0,0,0,0,0,0,0,0,1,0,0,0,0,0,0,1,1,0,0,0,0,0,0,0,0,0,0,0,0,0,0,0,0,0,0,0,0,0,0,0,0,0,0,0,1,0,0,0,0,0,0,0,0,0,0,0,0,0,0,1,0,0,0,1,0,0,0,0,0,0,0,1,0,0
ENSMR École Nationale Supérieure Des Mines de Rabat,Maintenance Industrielle,"Production Manager, Industrial Engineer, Lean Consultant, Process Optimization Specialist",production manager industrial engineer lean consultant process optimization specialist,0,0,0,0,0,0,0,0,0,0,0,0,0,0,0,0,0,0,0,0,1,0,0,0,0,0,0,0,0,0,0,0,0,0,1,0,0,0,0,0,0,0,0,0,0,1,0,0,0,1,0,0,0,0,1,0,0,0,0,0,0,0,1,0,0,1,1,0,0,0,0,0,0,0,0,0,0,0,1,0,0,0,0,0,0,0,0,0,0,0,0,0,0
ENSMR École Nationale Supérieure Des Mines de Rabat,Matériaux et Contrôle Qualité,"Materials Engineer, Process Developer, Quality Control Specialist",materials engineer process developer quality control specialist,0,0,0,0,0,0,0,0,0,0,0,0,0,0,0,0,0,0,0,0,0,1,0,0,0,0,1,0,0,0,0,0,0,0,1,0,0,0,0,0,0,0,0,0,0,0,0,0,0,0,0,0,0,0,0,0,1,0,0,0,0,0,0,0,0,1,0,1,0,0,0,0,0,0,0,0,0,0,1,0,0,0,0,0,0,0,0,0,0,0,0,0,0
ENSIAS École Nationale Supérieure d'Informatique et d'Analyse des Systèmes,Business Intelligence & Analytics,"AI System Developer, Control Systems Engineer, Smart Technologies Consultant",system developer control systems engineer smart technologies consultant,0,0,0,0,0,0,0,0,0,0,0,0,0,0,0,0,0,0,0,0,1,1,0,0,0,0,1,0,0,0,0,0,0,0,1,0,0,0,0,0,0,0,0,0,0,0,0,0,0,0,0,0,0,0,0,0,0,0,0,0,0,0,0,0,0,0,0,0,0,0,0,0,0,0,0,0,1,0,0,0,0,0,0,1,1,1,0,0,0,0,0,0,0
ENSIAS École Nationale Supérieure d'Informatique et d'Analyse des Systèmes,Génie Ingénierie en Data Science and IOT,"Data Scientist, Big Data Analyst, Machine Learning Engineer, AI Consultant",data scientist big data analyst machine learning engineer consultant,0,0,1,0,0,0,0,0,1,0,0,0,0,0,0,0,0,0,0,0,1,0,0,1,0,0,0,0,0,0,0,0,0,0,1,0,0,0,0,0,0,0,0,0,0,0,0,0,0,0,1,0,1,0,0,0,0,0,0,0,0,0,0,0,0,0,0,0,0,0,0,0,0,0,1,0,0,0,0,0,0,0,0,0,0,0,0,0,0,0,0,0,0
ENSIAS École Nationale Supérieure d'Informatique et d'Analyse des Systèmes,Génie Logiciel,"Software Developer, Backend Engineer, Application Architect",software developer backend engineer application architect,0,0,0,1,1,0,0,1,0,0,0,0,0,0,0,0,0,0,0,0,0,0,0,0,0,0,1,0,0,0,0,0,0,0,1,0,0,0,0,0,0,0,0,0,0,0,0,0,0,0,0,0,0,0,0,0,0,0,0,0,0,0,0,0,0,0,0,0,0,0,0,0,0,0,0,0,0,1,0,0,0,0,0,0,0,0,0,0,0,0,0,0,0
ENSIAS École Nationale Supérieure d'Informatique et d'Analyse des Systèmes,Génie de la Data,"Data Scientist, Big Data Analyst, Machine Learning Engineer, AI Consultant",data scientist big data analyst machine learning engineer consultant,0,0,1,0,0,0,0,0,1,0,0,0,0,0,0,0,0,0,0,0,1,0,0,1,0,0,0,0,0,0,0,0,0,0,1,0,0,0,0,0,0,0,0,0,0,0,0,0,0,0,1,0,1,0,0,0,0,0,0,0,0,0,0,0,0,0,0,0,0,0,0,0,0,0,1,0,0,0,0,0,0,0,0,0,0,0,0,0,0,0,0,0,0
ENSIAS École Nationale Supérieure d'Informatique et d'Analyse des Systèmes,Ingénierie de l’Intelligence Artificielle,"AI Developer, Robotics Engineer, Machine Learning Specialist",developer robotics engineer machine learning specialist,0,0,0,0,0,0,0,0,0,0,0,0,0,0,0,0,0,0,0,0,0,0,0,0,0,0,1,0,0,0,0,0,0,0,1,0,0,0,0,0,0,0,0,0,0,0,0,0,0,0,1,0,1,0,0,0,0,0,0,0,0,0,0,0,0,0,0,0,0,0,0,0,0,1,0,0,0,0,1,0,0,0,0,0,0,0,0,0,0,0,0,0,0
ENSIAS École Nationale Supérieure d'Informatique et d'Analyse des Systèmes,Ingénierie des Systèmes Intelligents,"AI System Developer, Control Systems Engineer, Smart Technologies Consultant",system developer control systems engineer smart technologies consultant,0,0,0,0,0,0,0,0,0,0,0,0,0,0,0,0,0,0,0,0,1,1,0,0,0,0,1,0,0,0,0,0,0,0,1,0,0,0,0,0,0,0,0,0,0,0,0,0,0,0,0,0,0,0,0,0,0,0,0,0,0,0,0,0,0,0,0,0,0,0,0,0,0,0,0,0,1,0,0,0,0,0,0,1,1,1,0,0,0,0,0,0,0
ENSIAS École Nationale Supérieure d'Informatique et d'Analyse des Systèmes,Ingénierie Digitale de la Finance,"Urban Planner, Environmental Engineer, Sustainable Development Specialist",urban planner environmental engineer sustainable development specialist,0,0,0,0,0,0,0,0,0,0,0,0,0,0,0,0,0,0,0,0,0,0,0,0,0,0,0,1,0,0,0,0,0,0,1,1,0,0,0,0,0,0,0,0,0,0,0,0,0,0,0,0,0,0,0,0,0,0,0,0,0,0,0,1,0,0,0,0,0,0,0,0,0,0,0,0,0,0,1,0,0,0,1,0,0,0,0,0,0,0,1,0,0
ENSIAS École Nationale Supérieure d'Informatique et d'Analyse des Systèmes,Sécurité des Systèmes d’Information,"Cybersecurity Analyst, Security Engineer, IT Risk Manager",cybersecurity analyst security engineer risk manager,0,0,1,0,0,0,0,0,0,0,0,0,0,0,0,0,0,0,0,0,0,0,1,0,0,0,0,0,0,0,0,0,0,0,1,0,0,0,0,0,0,0,0,0,0,0,0,0,0,0,0,0,0,0,1,0,0,0,0,0,0,0,0,0,0,0,0,0,0,0,0,0,1,0,0,1,0,0,0,0,0,0,0,0,0,0,0,0,0,0,0,0,0
ENSIAS École Nationale Supérieure d'Informatique et d'Analyse des Systèmes,Smart Supply Chain and Logistics,"Logistics Manager, Supply Chain Analyst, Transport Systems Engineer",logistics manager supply chain analyst transport systems engineer,0,0,1,0,0,0,0,0,0,0,0,0,0,1,0,0,0,0,0,0,0,0,0,0,0,0,0,0,0,0,0,0,0,0,1,0,0,0,0,0,0,0,0,0,0,0,0,0,0,0,0,1,0,0,1,0,0,0,0,0,0,0,0,0,0,0,0,0,0,0,0,0,0,0,0,0,0,0,0,1,0,0,0,0,1,0,0,0,0,1,0,0,0
ESI École des Sciences de l’Information,Ingénieurie des Connaissances et Science des Données,"Data Scientist, Big Data Analyst, Machine Learning Engineer, AI Consultant",data scientist big data analyst machine learning engineer consultant,0,0,1,0,0,0,0,0,1,0,0,0,0,0,0,0,0,0,0,0,1,0,0,1,0,0,0,0,0,0,0,0,0,0,1,0,0,0,0,0,0,0,0,0,0,0,0,0,0,0,1,0,1,0,0,0,0,0,0,0,0,0,0,0,0,0,0,0,0,0,0,0,0,0,1,0,0,0,0,0,0,0,0,0,0,0,0,0,0,0,0,0,0
ESI École des Sciences de l’Information,Ingénierie des Systèmes d'Information et de la Transformation Digitale,"Bioinformatics Analyst, Computational Biologist, Genomics Data Scientist",bioinformatics analyst computational biologist genomics data scientist,0,0,1,0,0,0,0,0,0,1,1,0,0,0,0,0,0,0,1,0,0,0,0,1,0,0,0,0,0,0,0,0,0,0,0,0,0,0,0,1,0,0,0,0,0,0,0,0,0,0,0,0,0,0,0,0,0,0,0,0,0,0,0,0,0,0,0,0,0,0,0,0,0,0,1,0,0,0,0,0,0,0,0,0,0,0,0,0,0,0,0,0,0
ESI École des Sciences de l’Information,Ingénierie de l'Information Numérique,"Operations Analyst, Optimization Consultant, Decision Support Specialist",operations analyst optimization consultant decision support specialist,0,0,1,0,0,0,0,0,0,0,0,0,0,0,0,0,0,0,0,0,1,0,0,0,1,0,0,0,0,0,0,0,0,0,0,0,0,0,0,0,0,0,0,0,0,0,0,0,0,0,0,0,0,0,0,0,0,0,0,0,0,1,1,0,0,0,0,0,0,0,0,0,0,0,0,0,0,0,1,0,1,0,0,0,0,0,0,0,0,0,0,0,0
ESI École des Sciences de l’Information,Ingénierie de la Sécurité des Systèmes d'Information et Cyberdéfense,"Cybersecurity Analyst, Security Engineer, IT Risk Manager",cybersecurity analyst security engineer risk manager,0,0,1,0,0,0,0,0,0,0,0,0,0,0,0,0,0,0,0,0,0,0,1,0,0,0,0,0,0,0,0,0,0,0,1,0,0,0,0,0,0,0,0,0,0,0,0,0,0,0,0,0,0,0,1,0,0,0,0,0,0,0,0,0,0,0,0,0,0,0,0,0,1,0,0,1,0,0,0,0,0,0,0,0,0,0,0,0,0,0,0,0,0
ESGB École Supérieure en Génie Biomédical,Génie Biomédical,"Biomedical Engineer, Medical Device Developer, Healthcare IT Consultant",biomedical engineer medical device developer healthcare consultant,0,0,0,0,0,0,0,0,0,0,0,1,0,0,0,0,0,0,0,0,1,0,0,0,0,0,1,0,1,0,0,0,0,0,1,0,0,0,0,0,0,0,1,0,0,0,0,0,0,0,0,0,0,0,0,0,0,0,1,0,0,0,0,0,0,0,0,0,0,0,0,0,0,0,0,0,0,0,0,0,0,0,0,0,0,0,0,0,0,0,0,0,0
ESGB École Supérieure en Génie Biomédical,Génie Bio-Informatique,"Bioinformatics Analyst, Computational Biologist, Genomics Data Scientist",bioinformatics analyst computational biologist genomics data scientist,0,0,1,0,0,0,0,0,0,1,1,0,0,0,0,0,0,0,1,0,0,0,0,1,0,0,0,0,0,0,0,0,0,0,0,0,0,0,0,1,0,0,0,0,0,0,0,0,0,0,0,0,0,0,0,0,0,0,0,0,0,0,0,0,0,0,0,0,0,0,0,0,0,0,1,0,0,0,0,0,0,0,0,0,0,0,0,0,0,0,0,0,0
ESGB École Supérieure en Génie Biomédical,Génie Digital en Santé,"AI System Developer, Control Systems Engineer, Smart Technologies Consultant",system developer control systems engineer smart technologies consultant,0,0,0,0,0,0,0,0,0,0,0,0,0,0,0,0,0,0,0,0,1,1,0,0,0,0,1,0,0,0,0,0,0,0,1,0,0,0,0,0,0,0,0,0,0,0,0,0,0,0,0,0,0,0,0,0,0,0,0,0,0,0,0,0,0,0,0,0,0,0,0,0,0,0,0,0,1,0,0,0,0,0,0,1,1,1,0,0,0,0,0,0,0
ESITH École Supérieure des Industries du Textile et de l'Habillement,Génie Industriel,"Production Manager, Industrial Engineer, Lean Consultant, Process Optimization Specialist",production manager industrial engineer lean consultant process optimization specialist,0,0,0,0,0,0,0,0,0,0,0,0,0,0,0,0,0,0,0,0,1,0,0,0,0,0,0,0,0,0,0,0,0,0,1,0,0,0,0,0,0,0,0,0,0,1,0,0,0,1,0,0,0,0,1,0,0,0,0,0,0,0,1,0,0,1,1,0,0,0,0,0,0,0,0,0,0,0,1,0,0,0,0,0,0,0,0,0,0,0,0,0,0
ESITH École Supérieure des Industries du Textile et de l'Habillement,Informatique et Management des systèmes,"Urban Planner, Environmental Engineer, Sustainable Development Specialist",urban planner environmental engineer sustainable development specialist,0,0,0,0,0,0,0,0,0,0,0,0,0,0,0,0,0,0,0,0,0,0,0,0,0,0,0,1,0,0,0,0,0,0,1,1,0,0,0,0,0,0,0,0,0,0,0,0,0,0,0,0,0,0,0,0,0,0,0,0,0,0,0,1,0,0,0,0,0,0,0,0,0,0,0,0,0,0,1,0,0,0,1,0,0,0,0,0,0,0,1,0,0
IAV Hassan II Institut Agronomique et Vétérinaire Hassan II,"Génie Rural - Eau, Environnement et Infrastructures","Environmental Process Engineer, Sustainability Specialist, Renewable Energy Analyst",environmental process engineer sustainability specialist renewable energy analyst,0,0,1,0,0,0,0,0,0,0,0,0,0,0,0,0,0,0,0,0,0,0,0,0,0,0,0,0,0,0,0,0,0,1,1,1,0,0,0,0,0,0,0,0,0,0,0,0,0,0,0,0,0,0,0,0,0,0,0,0,0,0,0,0,0,1,0,0,0,1,0,0,0,0,0,0,0,0,1,0,0,1,0,0,0,0,0,0,0,0,0,0,0
IAV Hassan II Institut Agronomique et Vétérinaire Hassan II,Génie Rural - Energie et Agroéquipements,"Production Manager, Industrial Engineer, Lean Consultant, Process Optimization Specialist",production manager industrial engineer lean consultant process optimization specialist,0,0,0,0,0,0,0,0,0,0,0,0,0,0,0,0,0,0,0,0,1,0,0,0,0,0,0,0,0,0,0,0,0,0,1,0,0,0,0,0,0,0,0,0,0,1,0,0,0,1,0,0,0,0,1,0,0,0,0,0,0,0,1,0,0,1,1,0,0,0,0,0,0,0,0,0,0,0,1,0,0,0,0,0,0,0,0,0,0,0,0,0,0
IAV Hassan II Institut Agronomique et Vétérinaire Hassan II,Sciences Géomatique et Ingénierie Topographique,"GIS Analyst, Cartographer, Geospatial Consultant",gis analyst cartographer geospatial consultant,0,0,1,0,0,0,0,0,0,0,0,0,1,0,0,0,0,0,0,0,1,0,0,0,0,0,0,0,0,0,0,0,0,0,0,0,0,0,0,0,1,1,0,0,0,0,0,0,0,0,0,0,0,0,0,0,0,0,0,0,0,0,0,0,0,0,0,0,0,0,0,0,0,0,0,0,0,0,0,0,0,0,0,0,0,0,0,0,0,0,0,0,0
INPT Institut National des Postes et Télécommunications,Ingénierie des Systèmes Ubiquitaires et Distribués- Cloud et IoT,"Production Manager, Industrial Engineer, Lean Consultant, Process Optimization Specialist",production manager industrial engineer lean consultant process optimization specialist,0,0,0,0,0,0,0,0,0,0,0,0,0,0,0,0,0,0,0,0,1,0,0,0,0,0,0,0,0,0,0,0,0,0,1,0,0,0,0,0,0,0,0,0,0,1,0,0,0,1,0,0,0,0,1,0,0,0,0,0,0,0,1,0,0,1,1,0,0,0,0,0,0,0,0,0,0,0,1,0,0,0,0,0,0,0,0,0,0,0,0,0,0
INPT Institut National des Postes et Télécommunications,Cybersécurité et Confiance Numérique,"Cybersecurity Analyst, Security Engineer, IT Risk Manager",cybersecurity analyst security engineer risk manager,0,0,1,0,0,0,0,0,0,0,0,0,0,0,0,0,0,0,0,0,0,0,1,0,0,0,0,0,0,0,0,0,0,0,1,0,0,0,0,0,0,0,0,0,0,0,0,0,0,0,0,0,0,0,1,0,0,0,0,0,0,0,0,0,0,0,0,0,0,0,0,0,1,0,0,1,0,0,0,0,0,0,0,0,0,0,0,0,0,0,0,0,0
INPT Institut National des Postes et Télécommunications,Sciences de données,"Data Scientist, Big Data Analyst, Machine Learning Engineer, AI Consultant",data scientist big data analyst machine learning engineer consultant,0,0,1,0,0,0,0,0,1,0,0,0,0,0,0,0,0,0,0,0,1,0,0,1,0,0,0,0,0,0,0,0,0,0,1,0,0,0,0,0,0,0,0,0,0,0,0,0,0,0,1,0,1,0,0,0,0,0,0,0,0,0,0,0,0,0,0,0,0,0,0,0,0,0,1,0,0,0,0,0,0,0,0,0,0,0,0,0,0,0,0,0,0
INPT Institut National des Postes et Télécommunications,Systèmes Embarqués et Services Numériques,"Embedded Systems Engineer, IoT Developer, Firmware Specialist",embedded systems engineer iot developer firmware specialist,0,0,0,0,0,0,0,0,0,0,0,0,0,0,0,0,0,0,0,0,0,0,0,0,0,0,1,0,0,0,0,0,1,0,1,0,0,1,0,0,0,0,0,0,0,0,0,0,1,0,0,0,0,0,0,0,0,0,0,0,0,0,0,0,0,0,0,0,0,0,0,0,0,0,0,0,0,0,1,0,0,0,0,0,1,0,0,0,0,0,0,0,0
INPT Institut National des Postes et Télécommunications,Advanced Software Engineering for Digital Services,"Software Developer, Backend Engineer, Application Architect",software developer backend engineer application architect,0,0,0,1,1,0,0,1,0,0,0,0,0,0,0,0,0,0,0,0,0,0,0,0,0,0,1,0,0,0,0,0,0,0,1,0,0,0,0,0,0,0,0,0,0,0,0,0,0,0,0,0,0,0,0,0,0,0,0,0,0,0,0,0,0,0,0,0,0,0,0,0,0,0,0,0,0,1,0,0,0,0,0,0,0,0,0,0,0,0,0,0,0
INPT Institut National des Postes et Télécommunications,Innovation et AMOA,"Operations Analyst, Optimization Consultant, Decision Support Specialist",operations analyst optimization consultant decision support specialist,0,0,1,0,0,0,0,0,0,0,0,0,0,0,0,0,0,0,0,0,1,0,0,0,1,0,0,0,0,0,0,0,0,0,0,0,0,0,0,0,0,0,0,0,0,0,0,0,0,0,0,0,0,0,0,0,0,0,0,0,0,1,1,0,0,0,0,0,0,0,0,0,0,0,0,0,0,0,1,0,1,0,0,0,0,0,0,0,0,0,0,0,0
INPT Institut National des Postes et Télécommunications,Smart Information and Communication Technology Engineering,"Operations Analyst, Optimization Consultant, Decision Support Specialist",operations analyst optimization consultant decision support specialist,0,0,1,0,0,0,0,0,0,0,0,0,0,0,0,0,0,0,0,0,1,0,0,0,1,0,0,0,0,0,0,0,0,0,0,0,0,0,0,0,0,0,0,0,0,0,0,0,0,0,0,0,0,0,0,0,0,0,0,0,0,1,1,0,0,0,0,0,0,0,0,0,0,0,0,0,0,0,1,0,1,0,0,0,0,0,0,0,0,0,0,0,0
INSEA Institut National de Statistique et d'Économie Appliquée,Actuariat-Finance,"Actuary, Risk Analyst, Financial Engineer",actuary risk analyst financial engineer,1,0,1,0,0,0,0,0,0,0,0,0,0,0,0,0,0,0,0,0,0,0,0,0,0,0,0,0,0,0,0,0,0,0,1,0,1,0,0,0,0,0,0,0,0,0,0,0,0,0,0,0,0,0,0,0,0,0,0,0,0,0,0,0,0,0,0,0,0,0,0,0,1,0,0,0,0,0,0,0,0,0,0,0,0,0,0,0,0,0,0,0,0
INSEA Institut National de Statistique et d'Économie Appliquée,Data & Software Engineering,"Data Scientist, Big Data Analyst, Machine Learning Engineer, AI Consultant",data scientist big data analyst machine learning engineer consultant,0,0,1,0,0,0,0,0,1,0,0,0,0,0,0,0,0,0,0,0,1,0,0,1,0,0,0,0,0,0,0,0,0,0,1,0,0,0,0,0,0,0,0,0,0,0,0,0,0,0,1,0,1,0,0,0,0,0,0,0,0,0,0,0,0,0,0,0,0,0,0,0,0,0,1,0,0,0,0,0,0,0,0,0,0,0,0,0,0,0,0,0,0
INSEA Institut National de Statistique et d'Économie Appliquée,Data Science,"Data Scientist, Big Data Analyst, Machine Learning Engineer, AI Consultant",data scientist big data analyst machine learning engineer consultant,0,0,1,0,0,0,0,0,1,0,0,0,0,0,0,0,0,0,0,0,1,0,0,1,0,0,0,0,0,0,0,0,0,0,1,0,0,0,0,0,0,0,0,0,0,0,0,0,0,0,1,0,1,0,0,0,0,0,0,0,0,0,0,0,0,0,0,0,0,0,0,0,0,0,1,0,0,0,0,0,0,0,0,0,0,0,0,0,0,0,0,0,0
INSEA Institut National de Statistique et d'Économie Appliquée,Recherche Opérationnelle et Aide à la Décision,"Operations Analyst, Optimization Consultant, Decision Support Specialist",operations analyst optimization consultant decision support specialist,0,0,1,0,0,0,0,0,0,0,0,0,0,0,0,0,0,0,0,0,1,0,0,0,1,0,0,0,0,0,0,0,0,0,0,0,0,0,0,0,0,0,0,0,0,0,0,0,0,0,0,0,0,0,0,0,0,0,0,0,0,1,1,0,0,0,0,0,0,0,0,0,0,0,0,0,0,0,1,0,1,0,0,0,0,0,0,0,0,0,0,0,0
INSEA Institut National de Statistique et d'Économie Appliquée,Statistique-Démographie,"GIS Analyst, Cartographer, Geospatial Consultant",gis analyst cartographer geospatial consultant,0,0,1,0,0,0,0,0,0,0,0,0,1,0,0,0,0,0,0,0,1,0,0,0,0,0,0,0,0,0,0,0,0,0,0,0,0,0,0,0,1,1,0,0,0,0,0,0,0,0,0,0,0,0,0,0,0,0,0,0,0,0,0,0,0,0,0,0,0,0,0,0,0,0,0,0,0,0,0,0,0,0,0,0,0,0,0,0,0,0,0,0,0
INSEA Institut National de Statistique et d'Économie Appliquée,Statistique-Économie Appliquée,"Logistics Manager, Supply Chain Analyst, Transport Systems Engineer",logistics manager supply chain analyst transport systems engineer,0,0,1,0,0,0,0,0,0,0,0,0,0,1,0,0,0,0,0,0,0,0,0,0,0,0,0,0,0,0,0,0,0,0,1,0,0,0,0,0,0,0,0,0,0,0,0,0,0,0,0,1,0,0,1,0,0,0,0,0,0,0,0,0,0,0,0,0,0,0,0,0,0,0,0,0,0,0,0,1,0,0,0,0,1,0,0,0,0,1,0,0,0
RESEAU DES ENSA ENSA–Agadir,Génie Energétique et de l’Environnement,"Environmental Process Engineer, Sustainability Specialist, Renewable Energy Analyst",environmental process engineer sustainability specialist renewable energy analyst,0,0,1,0,0,0,0,0,0,0,0,0,0,0,0,0,0,0,0,0,0,0,0,0,0,0,0,0,0,0,0,0,0,1,1,1,0,0,0,0,0,0,0,0,0,0,0,0,0,0,0,0,0,0,0,0,0,0,0,0,0,0,0,0,0,1,0,0,0,1,0,0,0,0,0,0,0,0,1,0,0,1,0,0,0,0,0,0,0,0,0,0,0
RESEAU DES ENSA ENSA–Agadir,Génie Electrique,"Electrical Designer, Power Systems Engineer, Maintenance Manager, Telecommunications Engineer",electrical designer power systems engineer maintenance manager telecommunications engineer,0,0,0,0,0,0,0,0,0,0,0,0,0,0,0,0,0,0,0,0,0,0,0,0,0,1,0,0,0,0,0,1,0,0,1,0,0,0,0,0,0,0,0,0,0,0,0,0,0,0,0,0,0,1,1,0,0,0,0,0,0,0,0,0,1,0,0,0,0,0,0,0,0,0,0,0,0,0,0,0,0,0,0,0,1,0,0,1,0,0,0,0,0
RESEAU DES ENSA ENSA–Agadir,Génie Industriel,"Production Manager, Industrial Engineer, Lean Consultant, Process Optimization Specialist",production manager industrial engineer lean consultant process optimization specialist,0,0,0,0,0,0,0,0,0,0,0,0,0,0,0,0,0,0,0,0,1,0,0,0,0,0,0,0,0,0,0,0,0,0,1,0,0,0,0,0,0,0,0,0,0,1,0,0,0,1,0,0,0,0,1,0,0,0,0,0,0,0,1,0,0,1,1,0,0,0,0,0,0,0,0,0,0,0,1,0,0,0,0,0,0,0,0,0,0,0,0,0,0
RESEAU DES ENSA ENSA–Agadir,Génie Informatique,"Software Developer, Systems Analyst, Cloud Architect, Data Engineer",software developer systems analyst cloud architect data engineer,0,0,1,0,1,0,0,0,0,0,0,0,0,0,0,0,0,1,0,0,0,0,0,1,0,0,1,0,0,0,0,0,0,0,1,0,0,0,0,0,0,0,0,0,0,0,0,0,0,0,0,0,0,0,0,0,0,0,0,0,0,0,0,0,0,0,0,0,0,0,0,0,0,0,0,0,0,1,0,0,0,0,0,0,1,0,0,0,0,0,0,0,0
RESEAU DES ENSA ENSA–Agadir,Génie Mécanique,"Mechanical Designer, Thermal Systems Engineer, Automotive Engineer",mechanical designer thermal systems engineer automotive engineer,0,0,0,0,0,0,1,0,0,0,0,0,0,0,0,0,0,0,0,0,0,0,0,0,0,1,0,0,0,0,0,0,0,0,1,0,0,0,0,0,0,0,0,0,0,0,0,0,0,0,0,0,0,0,0,0,0,1,0,0,0,0,0,0,0,0,0,0,0,0,0,0,0,0,0,0,0,0,0,0,0,0,0,0,1,0,0,0,1,0,0,0,0
RESEAU DES ENSA ENSA–Al Hoceima,Génie Civil,"Civil Engineer, Infrastructure Manager, Urban Planner, Construction Manager",civil engineer infrastructure manager urban planner construction manager,0,0,0,0,0,0,0,0,0,0,0,0,0,0,0,1,0,0,0,1,0,0,0,0,0,0,0,0,0,0,0,0,0,0,1,0,0,0,0,0,0,0,0,0,0,0,1,0,0,0,0,0,0,0,1,0,0,0,0,0,0,0,0,1,0,0,0,0,0,0,0,0,0,0,0,0,0,0,0,0,0,0,0,0,0,0,0,0,0,0,1,0,0
RESEAU DES ENSA ENSA–Al Hoceima,Génie Informatique,"Software Developer, Systems Analyst, Cloud Architect, Data Engineer",software developer systems analyst cloud architect data engineer,0,0,1,0,1,0,0,0,0,0,0,0,0,0,0,0,0,1,0,0,0,0,0,1,0,0,1,0,0,0,0,0,0,0,1,0,0,0,0,0,0,0,0,0,0,0,0,0,0,0,0,0,0,0,0,0,0,0,0,0,0,0,0,0,0,0,0,0,0,0,0,0,0,0,0,0,0,1,0,0,0,0,0,0,1,0,0,0,0,0,0,0,0
RESEAU DES ENSA ENSA–Al Hoceima,Génie Energétique Energie Renouvelable,"Energy Consultant, Renewable Energy Specialist, Electric Vehicle Systems Engineer",energy consultant renewable energy specialist electric vehicle systems engineer,0,0,0,0,0,0,0,0,0,0,0,0,0,0,0,0,0,0,0,0,1,0,0,0,0,0,0,0,0,0,1,0,0,1,1,0,0,0,0,0,0,0,0,0,0,0,0,0,0,0,0,0,0,0,0,0,0,0,0,0,0,0,0,0,0,0,0,0,0,1,0,0,0,0,0,0,0,0,1,0,0,0,0,0,1,0,0,0,0,0,0,1,0
RESEAU DES ENSA ENSA–Al Hoceima,Génie Mécanique,"Mechanical Designer, Thermal Systems Engineer, Automotive Engineer",mechanical designer thermal systems engineer automotive engineer,0,0,0,0,0,0,1,0,0,0,0,0,0,0,0,0,0,0,0,0,0,0,0,0,0,1,0,0,0,0,0,0,0,0,1,0,0,0,0,0,0,0,0,0,0,0,0,0,0,0,0,0,0,0,0,0,0,1,0,0,0,0,0,0,0,0,0,0,0,0,0,0,0,0,0,0,0,0,0,0,0,0,0,0,1,0,0,0,1,0,0,0,0
RESEAU DES ENSA ENSA–Al Jadida,Génie énergétique et Électrique,"Electrical Designer, Power Systems Engineer, Maintenance Manager, Telecommunications Engineer",electrical designer power systems engineer maintenance manager telecommunications engineer,0,0,0,0,0,0,0,0,0,0,0,0,0,0,0,0,0,0,0,0,0,0,0,0,0,1,0,0,0,0,0,1,0,0,1,0,0,0,0,0,0,0,0,0,0,0,0,0,0,0,0,0,0,1,1,0,0,0,0,0,0,0,0,0,1,0,0,0,0,0,0,0,0,0,0,0,0,0,0,0,0,0,0,0,1,0,0,1,0,0,0,0,0
RESEAU DES ENSA ENSA–Al Jadida,Génie Industriel,"Production Manager, Industrial Engineer, Lean Consultant, Process Optimization Specialist",production manager industrial engineer lean consultant process optimization specialist,0,0,0,0,0,0,0,0,0,0,0,0,0,0,0,0,0,0,0,0,1,0,0,0,0,0,0,0,0,0,0,0,0,0,1,0,0,0,0,0,0,0,0,0,0,1,0,0,0,1,0,0,0,0,1,0,0,0,0,0,0,0,1,0,0,1,1,0,0,0,0,0,0,0,0,0,0,0,1,0,0,0,0,0,0,0,0,0,0,0,0,0,0
RESEAU DES ENSA ENSA–Al Jadida,Ingénierie des Systèmes d’Information et de Communication,"Telecom Engineer, Network Infrastructure Specialist, Radio Frequency Analyst",telecom engineer network infrastructure specialist radio frequency analyst,0,0,1,0,0,0,0,0,0,0,0,0,0,0,0,0,0,0,0,0,0,0,0,0,0,0,0,0,0,0,0,0,0,0,1,0,0,0,1,0,0,0,0,0,0,0,1,0,0,0,0,0,0,0,0,0,0,0,0,0,1,0,0,0,0,0,0,0,1,0,0,0,0,0,0,0,0,0,1,0,0,0,0,0,0,0,1,0,0,0,0,0,0
RESEAU DES ENSA ENSA–Al Jadida,Ingénierie Informatique et Technologies Emergentes,"Software Developer, Systems Analyst, Cloud Architect, Data Engineer",software developer systems analyst cloud architect data engineer,0,0,1,0,1,0,0,0,0,0,0,0,0,0,0,0,0,1,0,0,0,0,0,1,0,0,1,0,0,0,0,0,0,0,1,0,0,0,0,0,0,0,0,0,0,0,0,0,0,0,0,0,0,0,0,0,0,0,0,0,0,0,0,0,0,0,0,0,0,0,0,0,0,0,0,0,0,1,0,0,0,0,0,0,1,0,0,0,0,0,0,0,0
RESEAU DES ENSA ENSA–Fès,Génie des Télécoms et Réseaux,"Network Engineer, Systems Administrator, IT Infrastructure Manager",network engineer systems administrator infrastructure manager,0,1,0,0,0,0,0,0,0,0,0,0,0,0,0,0,0,0,0,0,0,0,0,0,0,0,0,0,0,0,0,0,0,0,1,0,0,0,0,0,0,0,0,0,0,0,1,0,0,0,0,0,0,0,1,0,0,0,0,0,1,0,0,0,0,0,0,0,0,0,0,0,0,0,0,0,0,0,0,0,0,0,0,0,1,0,0,0,0,0,0,0,0
RESEAU DES ENSA ENSA–Fès,Génie Industriel,"Production Manager, Industrial Engineer, Lean Consultant, Process Optimization Specialist",production manager industrial engineer lean consultant process optimization specialist,0,0,0,0,0,0,0,0,0,0,0,0,0,0,0,0,0,0,0,0,1,0,0,0,0,0,0,0,0,0,0,0,0,0,1,0,0,0,0,0,0,0,0,0,0,1,0,0,0,1,0,0,0,0,1,0,0,0,0,0,0,0,1,0,0,1,1,0,0,0,0,0,0,0,0,0,0,0,1,0,0,0,0,0,0,0,0,0,0,0,0,0,0
RESEAU DES ENSA ENSA–Fès,Génie Informatique,"Software Developer, Systems Analyst, Cloud Architect, Data Engineer",software developer systems analyst cloud architect data engineer,0,0,1,0,1,0,0,0,0,0,0,0,0,0,0,0,0,1,0,0,0,0,0,1,0,0,1,0,0,0,0,0,0,0,1,0,0,0,0,0,0,0,0,0,0,0,0,0,0,0,0,0,0,0,0,0,0,0,0,0,0,0,0,0,0,0,0,0,0,0,0,0,0,0,0,0,0,1,0,0,0,0,0,0,1,0,0,0,0,0,0,0,0
RESEAU DES ENSA ENSA–Fès,Génie Mécanique et Systèmes Automatisés,"Mechanical Designer, Thermal Systems Engineer, Automotive Engineer",mechanical designer thermal systems engineer automotive engineer,0,0,0,0,0,0,1,0,0,0,0,0,0,0,0,0,0,0,0,0,0,0,0,0,0,1,0,0,0,0,0,0,0,0,1,0,0,0,0,0,0,0,0,0,0,0,0,0,0,0,0,0,0,0,0,0,0,1,0,0,0,0,0,0,0,0,0,0,0,0,0,0,0,0,0,0,0,0,0,0,0,0,0,0,1,0,0,0,1,0,0,0,0
RESEAU DES ENSA ENSA–Fès,Génie Système Embarqué et Informatique Industrielle,"Production Manager, Industrial Engineer, Lean Consultant, Process Optimization Specialist",production manager industrial engineer lean consultant process optimization specialist,0,0,0,0,0,0,0,0,0,0,0,0,0,0,0,0,0,0,0,0,1,0,0,0,0,0,0,0,0,0,0,0,0,0,1,0,0,0,0,0,0,0,0,0,0,1,0,0,0,1,0,0,0,0,1,0,0,0,0,0,0,0,1,0,0,1,1,0,0,0,0,0,0,0,0,0,0,0,1,0,0,0,0,0,0,0,0,0,0,0,0,0,0
RESEAU DES ENSA ENSA–Kénitra,Génie Electrique,"Electrical Designer, Power Systems Engineer, Maintenance Manager, Telecommunications Engineer",electrical designer power systems engineer maintenance manager telecommunications engineer,0,0,0,0,0,0,0,0,0,0,0,0,0,0,0,0,0,0,0,0,0,0,0,0,0,1,0,0,0,0,0,1,0,0,1,0,0,0,0,0,0,0,0,0,0,0,0,0,0,0,0,0,0,1,1,0,0,0,0,0,0,0,0,0,1,0,0,0,0,0,0,0,0,0,0,0,0,0,0,0,0,0,0,0,1,0,0,1,0,0,0,0,0
RESEAU DES ENSA ENSA–Kénitra,Génie Industriel,"Production Manager, Industrial Engineer, Lean Consultant, Process Optimization Specialist",production manager industrial engineer lean consultant process optimization specialist,0,0,0,0,0,0,0,0,0,0,0,0,0,0,0,0,0,0,0,0,1,0,0,0,0,0,0,0,0,0,0,0,0,0,1,0,0,0,0,0,0,0,0,0,0,1,0,0,0,1,0,0,0,0,1,0,0,0,0,0,0,0,1,0,0,1,1,0,0,0,0,0,0,0,0,0,0,0,1,0,0,0,0,0,0,0,0,0,0,0,0,0,0
RESEAU DES ENSA ENSA–Kénitra,Génie Informatique,"Software Developer, Systems Analyst, Cloud Architect, Data Engineer",software developer systems analyst cloud architect data engineer,0,0,1,0,1,0,0,0,0,0,0,0,0,0,0,0,0,1,0,0,0,0,0,1,0,0,1,0,0,0,0,0,0,0,1,0,0,0,0,0,0,0,0,0,0,0,0,0,0,0,0,0,0,0,0,0,0,0,0,0,0,0,0,0,0,0,0,0,0,0,0,0,0,0,0,0,0,1,0,0,0,0,0,0,1,0,0,0,0,0,0,0,0
RESEAU DES ENSA ENSA–Kénitra,Génie Mécatronique d’Automobile (en cours de ré-accréditation),"Robotics Engineer, Automation Specialist, Systems Integrator",robotics engineer automation specialist systems integrator,0,0,0,0,0,1,0,0,0,0,0,0,0,0,0,0,0,0,0,0,0,0,0,0,0,0,0,0,0,0,0,0,0,0,1,0,0,0,0,0,0,0,0,0,0,0,0,1,0,0,0,0,0,0,0,0,0,0,0,0,0,0,0,0,0,0,0,0,0,0,0,0,0,1,0,0,0,0,1,0,0,0,0,0,1,0,0,0,0,0,0,0,0
RESEAU DES ENSA ENSA–Kénitra,Réseaux et systèmes de télécommunications,"Telecom Engineer, Network Infrastructure Specialist, Radio Frequency Analyst",telecom engineer network infrastructure specialist radio frequency analyst,0,0,1,0,0,0,0,0,0,0,0,0,0,0,0,0,0,0,0,0,0,0,0,0,0,0,0,0,0,0,0,0,0,0,1,0,0,0,1,0,0,0,0,0,0,0,1,0,0,0,0,0,0,0,0,0,0,0,0,0,1,0,0,0,0,0,0,0,1,0,0,0,0,0,0,0,0,0,1,0,0,0,0,0,0,0,1,0,0,0,0,0,0
RESEAU DES ENSA ENSA–Khouribga,"Génie des Procédées, de l’Energie et de l’Environnement","Chemical Engineer, Process Improvement Specialist, Industrial Consultant",chemical engineer process improvement specialist industrial consultant,0,0,0,0,0,0,0,0,0,0,0,0,0,0,1,0,0,0,0,0,1,0,0,0,0,0,0,0,0,0,0,0,0,0,1,0,0,0,0,0,0,0,0,0,1,1,0,0,0,0,0,0,0,0,0,0,0,0,0,0,0,0,0,0,0,1,0,0,0,0,0,0,0,0,0,0,0,0,1,0,0,0,0,0,0,0,0,0,0,0,0,0,0
RESEAU DES ENSA ENSA–Khouribga,Génie Electrique,"Electrical Designer, Power Systems Engineer, Maintenance Manager, Telecommunications Engineer",electrical designer power systems engineer maintenance manager telecommunications engineer,0,0,0,0,0,0,0,0,0,0,0,0,0,0,0,0,0,0,0,0,0,0,0,0,0,1,0,0,0,0,0,1,0,0,1,0,0,0,0,0,0,0,0,0,0,0,0,0,0,0,0,0,0,1,1,0,0,0,0,0,0,0,0,0,1,0,0,0,0,0,0,0,0,0,0,0,0,0,0,0,0,0,0,0,1,0,0,1,0,0,0,0,0
RESEAU DES ENSA ENSA–Khouribga,Génie Informatique,"Software Developer, Systems Analyst, Cloud Architect, Data Engineer",software developer systems analyst cloud architect data engineer,0,0,1,0,1,0,0,0,0,0,0,0,0,0,0,0,0,1,0,0,0,0,0,1,0,0,1,0,0,0,0,0,0,0,1,0,0,0,0,0,0,0,0,0,0,0,0,0,0,0,0,0,0,0,0,0,0,0,0,0,0,0,0,0,0,0,0,0,0,0,0,0,0,0,0,0,0,1,0,0,0,0,0,0,1,0,0,0,0,0,0,0,0
RESEAU DES ENSA ENSA–Khouribga,Informatique et Ingénierie des Données,"Software Developer, Systems Analyst, Cloud Architect, Data Engineer",software developer systems analyst cloud architect data engineer,0,0,1,0,1,0,0,0,0,0,0,0,0,0,0,0,0,1,0,0,0,0,0,1,0,0,1,0,0,0,0,0,0,0,1,0,0,0,0,0,0,0,0,0,0,0,0,0,0,0,0,0,0,0,0,0,0,0,0,0,0,0,0,0,0,0,0,0,0,0,0,0,0,0,0,0,0,1,0,0,0,0,0,0,1,0,0,0,0,0,0,0,0
RESEAU DES ENSA ENSA–Khouribga,Ingénierie des Réseaux Intelligents et Cybersécurité,"Cybersecurity Analyst, Security Engineer, IT Risk Manager",cybersecurity analyst security engineer risk manager,0,0,1,0,0,0,0,0,0,0,0,0,0,0,0,0,0,0,0,0,0,0,1,0,0,0,0,0,0,0,0,0,0,0,1,0,0,0,0,0,0,0,0,0,0,0,0,0,0,0,0,0,0,0,1,0,0,0,0,0,0,0,0,0,0,0,0,0,0,0,0,0,1,0,0,1,0,0,0,0,0,0,0,0,0,0,0,0,0,0,0,0,0
RESEAU DES ENSA ENSA–Marrakech,Génie Industriel et Logistique,"Production Manager, Industrial Engineer, Lean Consultant, Process Optimization Specialist",production manager industrial engineer lean consultant process optimization specialist,0,0,0,0,0,0,0,0,0,0,0,0,0,0,0,0,0,0,0,0,1,0,0,0,0,0,0,0,0,0,0,0,0,0,1,0,0,0,0,0,0,0,0,0,0,1,0,0,0,1,0,0,0,0,1,0,0,0,0,0,0,0,1,0,0,1,1,0,0,0,0,0,0,0,0,0,0,0,1,0,0,0,0,0,0,0,0,0,0,0,0,0,0
RESEAU DES ENSA ENSA–Marrakech,Génie Informatique,"Software Developer, Systems Analyst, Cloud Architect, Data Engineer",software developer systems analyst cloud architect data engineer,0,0,1,0,1,0,0,0,0,0,0,0,0,0,0,0,0,1,0,0,0,0,0,1,0,0,1,0,0,0,0,0,0,0,1,0,0,0,0,0,0,0,0,0,0,0,0,0,0,0,0,0,0,0,0,0,0,0,0,0,0,0,0,0,0,0,0,0,0,0,0,0,0,0,0,0,0,1,0,0,0,0,0,0,1,0,0,0,0,0,0,0,0
RESEAU DES ENSA ENSA–Marrakech,Systèmes Electroniques Embarqués et Commande des Systèmes,"Embedded Systems Engineer, IoT Developer, Firmware Specialist",embedded systems engineer iot developer firmware specialist,0,0,0,0,0,0,0,0,0,0,0,0,0,0,0,0,0,0,0,0,0,0,0,0,0,0,1,0,0,0,0,0,1,0,1,0,0,1,0,0,0,0,0,0,0,0,0,0,1,0,0,0,0,0,0,0,0,0,0,0,0,0,0,0,0,0,0,0,0,0,0,0,0,0,0,0,0,0,1,0,0,0,0,0,1,0,0,0,0,0,0,0,0
RESEAU DES ENSA ENSA–Marrakech,"Réseaux, Systèmes & Services Programmables","Network Engineer, Systems Administrator, IT Infrastructure Manager",network engineer systems administrator infrastructure manager,0,1,0,0,0,0,0,0,0,0,0,0,0,0,0,0,0,0,0,0,0,0,0,0,0,0,0,0,0,0,0,0,0,0,1,0,0,0,0,0,0,0,0,0,0,0,1,0,0,0,0,0,0,0,1,0,0,0,0,0,1,0,0,0,0,0,0,0,0,0,0,0,0,0,0,0,0,0,0,0,0,0,0,0,1,0,0,0,0,0,0,0,0
RESEAU DES ENSA ENSA–Marrakech,Génie Cyber-Défense et Systèmes de Télécommunications Embarqués,"Telecom Engineer, Network Infrastructure Specialist, Radio Frequency Analyst",telecom engineer network infrastructure specialist radio frequency analyst,0,0,1,0,0,0,0,0,0,0,0,0,0,0,0,0,0,0,0,0,0,0,0,0,0,0,0,0,0,0,0,0,0,0,1,0,0,0,1,0,0,0,0,0,0,0,1,0,0,0,0,0,0,0,0,0,0,0,0,0,1,0,0,0,0,0,0,0,1,0,0,0,0,0,0,0,0,0,1,0,0,0,0,0,0,0,1,0,0,0,0,0,0
RESEAU DES ENSA ENSA–Oujda,Génie Civil,"Civil Engineer, Infrastructure Manager, Urban Planner, Construction Manager",civil engineer infrastructure manager urban planner construction manager,0,0,0,0,0,0,0,0,0,0,0,0,0,0,0,1,0,0,0,1,0,0,0,0,0,0,0,0,0,0,0,0,0,0,1,0,0,0,0,0,0,0,0,0,0,0,1,0,0,0,0,0,0,0,1,0,0,0,0,0,0,0,0,1,0,0,0,0,0,0,0,0,0,0,0,0,0,0,0,0,0,0,0,0,0,0,0,0,0,0,1,0,0
RESEAU DES ENSA ENSA–Oujda,"Génie des systèmes électroniques, informatiques et réseaux","Software Developer, Systems Analyst, Cloud Architect, Data Engineer",software developer systems analyst cloud architect data engineer,0,0,1,0,1,0,0,0,0,0,0,0,0,0,0,0,0,1,0,0,0,0,0,1,0,0,1,0,0,0,0,0,0,0,1,0,0,0,0,0,0,0,0,0,0,0,0,0,0,0,0,0,0,0,0,0,0,0,0,0,0,0,0,0,0,0,0,0,0,0,0,0,0,0,0,0,0,1,0,0,0,0,0,0,1,0,0,0,0,0,0,0,0
RESEAU DES ENSA ENSA–Oujda,Ingénierie Data Sciences et Cloud Computing,"Software Developer, Systems Analyst, Cloud Architect, Data Engineer",software developer systems analyst cloud architect data engineer,0,0,1,0,1,0,0,0,0,0,0,0,0,0,0,0,0,1,0,0,0,0,0,1,0,0,1,0,0,0,0,0,0,0,1,0,0,0,0,0,0,0,0,0,0,0,0,0,0,0,0,0,0,0,0,0,0,0,0,0,0,0,0,0,0,0,0,0,0,0,0,0,0,0,0,0,0,1,0,0,0,0,0,0,1,0,0,0,0,0,0,0,0
RESEAU DES ENSA ENSA–Oujda,Ingénierie des Technologies de l'information et Réseaux de Communication,"Telecom Engineer, Network Infrastructure Specialist, Radio Frequency Analyst",telecom engineer network infrastructure specialist radio frequency analyst,0,0,1,0,0,0,0,0,0,0,0,0,0,0,0,0,0,0,0,0,0,0,0,0,0,0,0,0,0,0,0,0,0,0,1,0,0,0,1,0,0,0,0,0,0,0,1,0,0,0,0,0,0,0,0,0,0,0,0,0,1,0,0,0,0,0,0,0,1,0,0,0,0,0,0,0,0,0,1,0,0,0,0,0,0,0,1,0,0,0,0,0,0
RESEAU DES ENSA ENSA–Oujda,Sécurité Informatique et Cyber Sécurité,"Software Developer, Systems Analyst, Cloud Architect, Data Engineer",software developer systems analyst cloud architect data engineer,0,0,1,0,1,0,0,0,0,0,0,0,0,0,0,0,0,1,0,0,0,0,0,1,0,0,1,0,0,0,0,0,0,0,1,0,0,0,0,0,0,0,0,0,0,0,0,0,0,0,0,0,0,0,0,0,0,0,0,0,0,0,0,0,0,0,0,0,0,0,0,0,0,0,0,0,0,1,0,0,0,0,0,0,1,0,0,0,0,0,0,0,0
RESEAU DES ENSA ENSA–Oujda,Génie Electrique,"Electrical Designer, Power Systems Engineer, Maintenance Manager, Telecommunications Engineer",electrical designer power systems engineer maintenance manager telecommunications engineer,0,0,0,0,0,0,0,0,0,0,0,0,0,0,0,0,0,0,0,0,0,0,0,0,0,1,0,0,0,0,0,1,0,0,1,0,0,0,0,0,0,0,0,0,0,0,0,0,0,0,0,0,0,1,1,0,0,0,0,0,0,0,0,0,1,0,0,0,0,0,0,0,0,0,0,0,0,0,0,0,0,0,0,0,1,0,0,1,0,0,0,0,0
RESEAU DES ENSA ENSA–Oujda,Génie Industriel,"Production Manager, Industrial Engineer, Lean Consultant, Process Optimization Specialist",production manager industrial engineer lean consultant process optimization specialist,0,0,0,0,0,0,0,0,0,0,0,0,0,0,0,0,0,0,0,0,1,0,0,0,0,0,0,0,0,0,0,0,0,0,1,0,0,0,0,0,0,0,0,0,0,1,0,0,0,1,0,0,0,0,1,0,0,0,0,0,0,0,1,0,0,1,1,0,0,0,0,0,0,0,0,0,0,0,1,0,0,0,0,0,0,0,0,0,0,0,0,0,0
RESEAU DES ENSA ENSA–Oujda,Génie Informatique,"Software Developer, Systems Analyst, Cloud Architect, Data Engineer",software developer systems analyst cloud architect data engineer,0,0,1,0,1,0,0,0,0,0,0,0,0,0,0,0,0,1,0,0,0,0,0,1,0,0,1,0,0,0,0,0,0,0,1,0,0,0,0,0,0,0,0,0,0,0,0,0,0,0,0,0,0,0,0,0,0,0,0,0,0,0,0,0,0,0,0,0,0,0,0,0,0,0,0,0,0,1,0,0,0,0,0,0,1,0,0,0,0,0,0,0,0
RESEAU DES ENSA ENSA–Safi,Génie des Procédés & Matériaux Avancés,"Chemical Engineer, Process Improvement Specialist, Industrial Consultant",chemical engineer process improvement specialist industrial consultant,0,0,0,0,0,0,0,0,0,0,0,0,0,0,1,0,0,0,0,0,1,0,0,0,0,0,0,0,0,0,0,0,0,0,1,0,0,0,0,0,0,0,0,0,1,1,0,0,0,0,0,0,0,0,0,0,0,0,0,0,0,0,0,0,0,1,0,0,0,0,0,0,0,0,0,0,0,0,1,0,0,0,0,0,0,0,0,0,0,0,0,0,0
RESEAU DES ENSA ENSA–Safi,Génie des Télécommunications et Réseaux,"Telecom Engineer, Network Infrastructure Specialist, Radio Frequency Analyst",telecom engineer network infrastructure specialist radio frequency analyst,0,0,1,0,0,0,0,0,0,0,0,0,0,0,0,0,0,0,0,0,0,0,0,0,0,0,0,0,0,0,0,0,0,0,1,0,0,0,1,0,0,0,0,0,0,0,1,0,0,0,0,0,0,0,0,0,0,0,0,0,1,0,0,0,0,0,0,0,1,0,0,0,0,0,0,0,0,0,1,0,0,0,0,0,0,0,1,0,0,0,0,0,0
RESEAU DES ENSA ENSA–Safi,Génie Industriel,"Production Manager, Industrial Engineer, Lean Consultant, Process Optimization Specialist",production manager industrial engineer lean consultant process optimization specialist,0,0,0,0,0,0,0,0,0,0,0,0,0,0,0,0,0,0,0,0,1,0,0,0,0,0,0,0,0,0,0,0,0,0,1,0,0,0,0,0,0,0,0,0,0,1,0,0,0,1,0,0,0,0,1,0,0,0,0,0,0,0,1,0,0,1,1,0,0,0,0,0,0,0,0,0,0,0,1,0,0,0,0,0,0,0,0,0,0,0,0,0,0
RESEAU DES ENSA ENSA–Safi,Génie Informatique et Intelligence Artificielle,"Software Developer, Systems Analyst, Cloud Architect, Data Engineer",software developer systems analyst cloud architect data engineer,0,0,1,0,1,0,0,0,0,0,0,0,0,0,0,0,0,1,0,0,0,0,0,1,0,0,1,0,0,0,0,0,0,0,1,0,0,0,0,0,0,0,0,0,0,0,0,0,0,0,0,0,0,0,0,0,0,0,0,0,0,0,0,0,0,0,0,0,0,0,0,0,0,0,0,0,0,1,0,0,0,0,0,0,1,0,0,0,0,0,0,0,0
RESEAU DES ENSA ENSA–Safi,Génie Aéronautique et Technologie de l’Espace,"Meteorologist, Climate Analyst, Environmental Researcher",meteorologist climate analyst environmental researcher,0,0,1,0,0,0,0,0,0,0,0,0,0,0,0,0,1,0,0,0,0,0,0,0,0,0,0,0,0,0,0,0,0,0,0,1,0,0,0,0,0,0,0,0,0,0,0,0,0,0,0,0,0,0,0,0,0,0,0,1,0,0,0,0,0,0,0,0,0,0,1,0,0,0,0,0,0,0,0,0,0,0,0,0,0,0,0,0,0,0,0,0,0
RESEAU DES ENSA ENSA–Tanger,Génie des Systèmes Electroniques et Automatiques,"Electrical Designer, Power Systems Engineer, Maintenance Manager, Telecommunications Engineer",electrical designer power systems engineer maintenance manager telecommunications engineer,0,0,0,0,0,0,0,0,0,0,0,0,0,0,0,0,0,0,0,0,0,0,0,0,0,1,0,0,0,0,0,1,0,0,1,0,0,0,0,0,0,0,0,0,0,0,0,0,0,0,0,0,0,1,1,0,0,0,0,0,0,0,0,0,1,0,0,0,0,0,0,0,0,0,0,0,0,0,0,0,0,0,0,0,1,0,0,1,0,0,0,0,0
RESEAU DES ENSA ENSA–Tanger,Génie des Systèmes de Télécommunications et Réseaux,"Telecom Engineer, Network Infrastructure Specialist, Radio Frequency Analyst",telecom engineer network infrastructure specialist radio frequency analyst,0,0,1,0,0,0,0,0,0,0,0,0,0,0,0,0,0,0,0,0,0,0,0,0,0,0,0,0,0,0,0,0,0,0,1,0,0,0,1,0,0,0,0,0,0,0,1,0,0,0,0,0,0,0,0,0,0,0,0,0,1,0,0,0,0,0,0,0,1,0,0,0,0,0,0,0,0,0,1,0,0,0,0,0,0,0,1,0,0,0,0,0,0
RESEAU DES ENSA ENSA–Tanger,Génie Eco-Energétique et Environnement Industriel,"Production Manager, Industrial Engineer, Lean Consultant, Process Optimization Specialist",production manager industrial engineer lean consultant process optimization specialist,0,0,0,0,0,0,0,0,0,0,0,0,0,0,0,0,0,0,0,0,1,0,0,0,0,0,0,0,0,0,0,0,0,0,1,0,0,0,0,0,0,0,0,0,0,1,0,0,0,1,0,0,0,0,1,0,0,0,0,0,0,0,1,0,0,1,1,0,0,0,0,0,0,0,0,0,0,0,1,0,0,0,0,0,0,0,0,0,0,0,0,0,0
RESEAU DES ENSA ENSA–Tanger,Génie Industriel et Logistique,"Production Manager, Industrial Engineer, Lean Consultant, Process Optimization Specialist",production manager industrial engineer lean consultant process optimization specialist,0,0,0,0,0,0,0,0,0,0,0,0,0,0,0,0,0,0,0,0,1,0,0,0,0,0,0,0,0,0,0,0,0,0,1,0,0,0,0,0,0,0,0,0,0,1,0,0,0,1,0,0,0,0,1,0,0,0,0,0,0,0,1,0,0,1,1,0,0,0,0,0,0,0,0,0,0,0,1,0,0,0,0,0,0,0,0,0,0,0,0,0,0
RESEAU DES ENSA ENSA–Tanger,Génie Informatique,"Software Developer, Systems Analyst, Cloud Architect, Data Engineer",software developer systems analyst cloud architect data engineer,0,0,1,0,1,0,0,0,0,0,0,0,0,0,0,0,0,1,0,0,0,0,0,1,0,0,1,0,0,0,0,0,0,0,1,0,0,0,0,0,0,0,0,0,0,0,0,0,0,0,0,0,0,0,0,0,0,0,0,0,0,0,0,0,0,0,0,0,0,0,0,0,0,0,0,0,0,1,0,0,0,0,0,0,1,0,0,0,0,0,0,0,0
RESEAU DES ENSA ENSA–Tétouan,Génie Civil,"Civil Engineer, Infrastructure Manager, Urban Planner, Construction Manager",civil engineer infrastructure manager urban planner construction manager,0,0,0,0,0,0,0,0,0,0,0,0,0,0,0,1,0,0,0,1,0,0,0,0,0,0,0,0,0,0,0,0,0,0,1,0,0,0,0,0,0,0,0,0,0,0,1,0,0,0,0,0,0,0,1,0,0,0,0,0,0,0,0,1,0,0,0,0,0,0,0,0,0,0,0,0,0,0,0,0,0,0,0,0,0,0,0,0,0,0,1,0,0
RESEAU DES ENSA ENSA–Tétouan,Génie des systèmes Télécoms et Réseaux,"Network Engineer, Systems Administrator, IT Infrastructure Manager",network engineer systems administrator infrastructure manager,0,1,0,0,0,0,0,0,0,0,0,0,0,0,0,0,0,0,0,0,0,0,0,0,0,0,0,0,0,0,0,0,0,0,1,0,0,0,0,0,0,0,0,0,0,0,1,0,0,0,0,0,0,0,1,0,0,0,0,0,1,0,0,0,0,0,0,0,0,0,0,0,0,0,0,0,0,0,0,0,0,0,0,0,1,0,0,0,0,0,0,0,0
RESEAU DES ENSA ENSA–Tétouan,Génie Informatique,"Software Developer, Systems Analyst, Cloud Architect, Data Engineer",software developer systems analyst cloud architect data engineer,0,0,1,0,1,0,0,0,0,0,0,0,0,0,0,0,0,1,0,0,0,0,0,1,0,0,1,0,0,0,0,0,0,0,1,0,0,0,0,0,0,0,0,0,0,0,0,0,0,0,0,0,0,0,0,0,0,0,0,0,0,0,0,0,0,0,0,0,0,0,0,0,0,0,0,0,0,1,0,0,0,0,0,0,1,0,0,0,0,0,0,0,0
RESEAU DES ENSA ENSA–Tétouan,Génie Mécatronique,"Robotics Engineer, Automation Specialist, Systems Integrator",robotics engineer automation specialist systems integrator,0,0,0,0,0,1,0,0,0,0,0,0,0,0,0,0,0,0,0,0,0,0,0,0,0,0,0,0,0,0,0,0,0,0,1,0,0,0,0,0,0,0,0,0,0,0,0,1,0,0,0,0,0,0,0,0,0,0,0,0,0,0,0,0,0,0,0,0,0,0,0,0,0,1,0,0,0,0,1,0,0,0,0,0,1,0,0,0,0,0,0,0,0
RESEAU DES ENSA ENSA–Tétouan,Management de la Chaine Logistique,"Geospatial Data Analyst, GIS Developer, Urban Mapping Specialist",geospatial data analyst gis developer urban mapping specialist,0,0,1,0,0,0,0,0,0,0,0,0,0,0,0,0,0,0,0,0,0,0,0,1,0,0,1,0,0,0,0,0,0,0,0,0,0,0,0,0,1,1,0,0,0,0,0,0,0,0,0,0,0,0,0,1,0,0,0,0,0,0,0,0,0,0,0,0,0,0,0,0,0,0,0,0,0,0,1,0,0,0,0,0,0,0,0,0,0,0,1,0,0
ENSC–Kénitra,Chimie des matériaux et procédés,"Chemical Engineer, Process Improvement Specialist, Industrial Consultant",chemical engineer process improvement specialist industrial consultant,0,0,0,0,0,0,0,0,0,0,0,0,0,0,1,0,0,0,0,0,1,0,0,0,0,0,0,0,0,0,0,0,0,0,1,0,0,0,0,0,0,0,0,0,1,1,0,0,0,0,0,0,0,0,0,0,0,0,0,0,0,0,0,0,0,1,0,0,0,0,0,0,0,0,0,0,0,0,1,0,0,0,0,0,0,0,0,0,0,0,0,0,0
ENSC–Kénitra,Chimie et ingénierie de formulation,"Operations Analyst, Optimization Consultant, Decision Support Specialist",operations analyst optimization consultant decision support specialist,0,0,1,0,0,0,0,0,0,0,0,0,0,0,0,0,0,0,0,0,1,0,0,0,1,0,0,0,0,0,0,0,0,0,0,0,0,0,0,0,0,0,0,0,0,0,0,0,0,0,0,0,0,0,0,0,0,0,0,0,0,1,1,0,0,0,0,0,0,0,0,0,0,0,0,0,0,0,1,0,1,0,0,0,0,0,0,0,0,0,0,0,0
RESEAU DES ENSAM ENSAM–Casablanca,Génie des Systèmes Industriels,"Production Manager, Industrial Engineer, Lean Consultant, Process Optimization Specialist",production manager industrial engineer lean consultant process optimization specialist,0,0,0,0,0,0,0,0,0,0,0,0,0,0,0,0,0,0,0,0,1,0,0,0,0,0,0,0,0,0,0,0,0,0,1,0,0,0,0,0,0,0,0,0,0,1,0,0,0,1,0,0,0,0,1,0,0,0,0,0,0,0,1,0,0,1,1,0,0,0,0,0,0,0,0,0,0,0,1,0,0,0,0,0,0,0,0,0,0,0,0,0,0
RESEAU DES ENSAM ENSAM–Casablanca,Génie Mécanique Industrielle,"Production Manager, Industrial Engineer, Lean Consultant, Process Optimization Specialist",production manager industrial engineer lean consultant process optimization specialist,0,0,0,0,0,0,0,0,0,0,0,0,0,0,0,0,0,0,0,0,1,0,0,0,0,0,0,0,0,0,0,0,0,0,1,0,0,0,0,0,0,0,0,0,0,1,0,0,0,1,0,0,0,0,1,0,0,0,0,0,0,0,1,0,0,1,1,0,0,0,0,0,0,0,0,0,0,0,1,0,0,0,0,0,0,0,0,0,0,0,0,0,0
RESEAU DES ENSAM ENSAM–Casablanca,Intelligence Artificielle et Génie Informatique,"Software Developer, Systems Analyst, Cloud Architect, Data Engineer",software developer systems analyst cloud architect data engineer,0,0,1,0,1,0,0,0,0,0,0,0,0,0,0,0,0,1,0,0,0,0,0,1,0,0,1,0,0,0,0,0,0,0,1,0,0,0,0,0,0,0,0,0,0,0,0,0,0,0,0,0,0,0,0,0,0,0,0,0,0,0,0,0,0,0,0,0,0,0,0,0,0,0,0,0,0,1,0,0,0,0,0,0,1,0,0,0,0,0,0,0,0
RESEAU DES ENSAM ENSAM–Casablanca,Génie Electromécanique,"Mechanical Designer, Thermal Systems Engineer, Automotive Engineer",mechanical designer thermal systems engineer automotive engineer,0,0,0,0,0,0,1,0,0,0,0,0,0,0,0,0,0,0,0,0,0,0,0,0,0,1,0,0,0,0,0,0,0,0,1,0,0,0,0,0,0,0,0,0,0,0,0,0,0,0,0,0,0,0,0,0,0,1,0,0,0,0,0,0,0,0,0,0,0,0,0,0,0,0,0,0,0,0,0,0,0,0,0,0,1,0,0,0,1,0,0,0,0
RESEAU DES ENSAM ENSAM–Casablanca,Management des Systèmes Électriques Intelligents,"Electrical Designer, Power Systems Engineer, Maintenance Manager, Telecommunications Engineer",electrical designer power systems engineer maintenance manager telecommunications engineer,0,0,0,0,0,0,0,0,0,0,0,0,0,0,0,0,0,0,0,0,0,0,0,0,0,1,0,0,0,0,0,1,0,0,1,0,0,0,0,0,0,0,0,0,0,0,0,0,0,0,0,0,0,1,1,0,0,0,0,0,0,0,0,0,1,0,0,0,0,0,0,0,0,0,0,0,0,0,0,0,0,0,0,0,1,0,0,1,0,0,0,0,0
RESEAU DES ENSAM ENSAM–Rabat,Génie Mécanique,"Mechanical Designer, Thermal Systems Engineer, Automotive Engineer",mechanical designer thermal systems engineer automotive engineer,0,0,0,0,0,0,1,0,0,0,0,0,0,0,0,0,0,0,0,0,0,0,0,0,0,1,0,0,0,0,0,0,0,0,1,0,0,0,0,0,0,0,0,0,0,0,0,0,0,0,0,0,0,0,0,0,0,1,0,0,0,0,0,0,0,0,0,0,0,0,0,0,0,0,0,0,0,0,0,0,0,0,0,0,1,0,0,0,1,0,0,0,0
RESEAU DES ENSAM ENSAM–Rabat,Génie Biomédical,"Biomedical Engineer, Medical Device Developer, Healthcare IT Consultant",biomedical engineer medical device developer healthcare consultant,0,0,0,0,0,0,0,0,0,0,0,1,0,0,0,0,0,0,0,0,1,0,0,0,0,0,1,0,1,0,0,0,0,0,1,0,0,0,0,0,0,0,1,0,0,0,0,0,0,0,0,0,0,0,0,0,0,0,1,0,0,0,0,0,0,0,0,0,0,0,0,0,0,0,0,0,0,0,0,0,0,0,0,0,0,0,0,0,0,0,0,0,0
RESEAU DES ENSAM ENSAM–Rabat,Energie Electrique et Industrie Numérique,"Electrical Designer, Power Systems Engineer, Maintenance Manager, Telecommunications Engineer",electrical designer power systems engineer maintenance manager telecommunications engineer,0,0,0,0,0,0,0,0,0,0,0,0,0,0,0,0,0,0,0,0,0,0,0,0,0,1,0,0,0,0,0,1,0,0,1,0,0,0,0,0,0,0,0,0,0,0,0,0,0,0,0,0,0,1,1,0,0,0,0,0,0,0,0,0,1,0,0,0,0,0,0,0,0,0,0,0,0,0,0,0,0,0,0,0,1,0,0,1,0,0,0,0,0
RESEAU DES ENSAM ENSAM–Rabat,Génie Industriel et Technologies Numériques,"Production Manager, Industrial Engineer, Lean Consultant, Process Optimization Specialist",production manager industrial engineer lean consultant process optimization specialist,0,0,0,0,0,0,0,0,0,0,0,0,0,0,0,0,0,0,0,0,1,0,0,0,0,0,0,0,0,0,0,0,0,0,1,0,0,0,0,0,0,0,0,0,0,1,0,0,0,1,0,0,0,0,1,0,0,0,0,0,0,0,1,0,0,1,1,0,0,0,0,0,0,0,0,0,0,0,1,0,0,0,0,0,0,0,0,0,0,0,0,0,0
RESEAU DES ENSAM ENSAM–Rabat,Ingénierie Mécanique pour l’Industrie Aéronautique,"Mechanical Designer, Thermal Systems Engineer, Automotive Engineer",mechanical designer thermal systems engineer automotive engineer,0,0,0,0,0,0,1,0,0,0,0,0,0,0,0,0,0,0,0,0,0,0,0,0,0,1,0,0,0,0,0,0,0,0,1,0,0,0,0,0,0,0,0,0,0,0,0,0,0,0,0,0,0,0,0,0,0,1,0,0,0,0,0,0,0,0,0,0,0,0,0,0,0,0,0,0,0,0,0,0,0,0,0,0,1,0,0,0,1,0,0,0,0
RESEAU DES ENSAM ENSAM–Rabat,Ingénierie Numérique en Data sciences et Intelligence Artificielle,"AI Developer, Robotics Engineer, Machine Learning Specialist",developer robotics engineer machine learning specialist,0,0,0,0,0,0,0,0,0,0,0,0,0,0,0,0,0,0,0,0,0,0,0,0,0,0,1,0,0,0,0,0,0,0,1,0,0,0,0,0,0,0,0,0,0,0,0,0,0,0,1,0,1,0,0,0,0,0,0,0,0,0,0,0,0,0,0,0,0,0,0,0,0,1,0,0,0,0,1,0,0,0,0,0,0,0,0,0,0,0,0,0,0
RESEAU DES ENSAM ENSAM–Rabat,Ingénierie des Systèmes Energétiques,"AI System Developer, Control Systems Engineer, Smart Technologies Consultant",system developer control systems engineer smart technologies consultant,0,0,0,0,0,0,0,0,0,0,0,0,0,0,0,0,0,0,0,0,1,1,0,0,0,0,1,0,0,0,0,0,0,0,1,0,0,0,0,0,0,0,0,0,0,0,0,0,0,0,0,0,0,0,0,0,0,0,0,0,0,0,0,0,0,0,0,0,0,0,0,0,0,0,0,0,1,0,0,0,0,0,0,1,1,1,0,0,0,0,0,0,0
RESEAU DES ENSAM ENSAM–Rabat,"Génie des Matériaux, Qualité et Environnement","Materials Engineer, Process Developer, Quality Control Specialist",materials engineer process developer quality control specialist,0,0,0,0,0,0,0,0,0,0,0,0,0,0,0,0,0,0,0,0,0,1,0,0,0,0,1,0,0,0,0,0,0,0,1,0,0,0,0,0,0,0,0,0,0,0,0,0,0,0,0,0,0,0,0,0,1,0,0,0,0,0,0,0,0,1,0,1,0,0,0,0,0,0,0,0,0,0,1,0,0,0,0,0,0,0,0,0,0,0,0,0,0
RESEAU DES ENSAM ENSAM–Meknès,Génie Electromécanique : Commande et Management Industriel,"Production Manager, Industrial Engineer, Lean Consultant, Process Optimization Specialist",production manager industrial engineer lean consultant process optimization specialist,0,0,0,0,0,0,0,0,0,0,0,0,0,0,0,0,0,0,0,0,1,0,0,0,0,0,0,0,0,0,0,0,0,0,1,0,0,0,0,0,0,0,0,0,0,1,0,0,0,1,0,0,0,0,1,0,0,0,0,0,0,0,1,0,0,1,1,0,0,0,0,0,0,0,0,0,0,0,1,0,0,0,0,0,0,0,0,0,0,0,0,0,0
RESEAU DES ENSAM ENSAM–Meknès,Génie Electromécanique : Energie et Maintenance Electromécanique,"Mechanical Designer, Thermal Systems Engineer, Automotive Engineer",mechanical designer thermal systems engineer automotive engineer,0,0,0,0,0,0,1,0,0,0,0,0,0,0,0,0,0,0,0,0,0,0,0,0,0,1,0,0,0,0,0,0,0,0,1,0,0,0,0,0,0,0,0,0,0,0,0,0,0,0,0,0,0,0,0,0,0,1,0,0,0,0,0,0,0,0,0,0,0,0,0,0,0,0,0,0,0,0,0,0,0,0,0,0,1,0,0,0,1,0,0,0,0
RESEAU DES ENSAM ENSAM–Meknès,Génie Industriel : Intelligence Artificielle et Data Science,"Production Manager, Industrial Engineer, Lean Consultant, Process Optimization Specialist",production manager industrial engineer lean consultant process optimization specialist,0,0,0,0,0,0,0,0,0,0,0,0,0,0,0,0,0,0,0,0,1,0,0,0,0,0,0,0,0,0,0,0,0,0,1,0,0,0,0,0,0,0,0,0,0,1,0,0,0,1,0,0,0,0,1,0,0,0,0,0,0,0,1,0,0,1,1,0,0,0,0,0,0,0,0,0,0,0,1,0,0,0,0,0,0,0,0,0,0,0,0,0,0
RESEAU DES ENSAM ENSAM–Meknès,Génie Industriel et Productique,"Production Manager, Industrial Engineer, Lean Consultant, Process Optimization Specialist",production manager industrial engineer lean consultant process optimization specialist,0,0,0,0,0,0,0,0,0,0,0,0,0,0,0,0,0,0,0,0,1,0,0,0,0,0,0,0,0,0,0,0,0,0,1,0,0,0,0,0,0,0,0,0,0,1,0,0,0,1,0,0,0,0,1,0,0,0,0,0,0,0,1,0,0,1,1,0,0,0,0,0,0,0,0,0,0,0,1,0,0,0,0,0,0,0,0,0,0,0,0,0,0
RESEAU DES ENSAM ENSAM–Meknès,Génie Mécanique : Energétique,"Mechanical Designer, Thermal Systems Engineer, Automotive Engineer",mechanical designer thermal systems engineer automotive engineer,0,0,0,0,0,0,1,0,0,0,0,0,0,0,0,0,0,0,0,0,0,0,0,0,0,1,0,0,0,0,0,0,0,0,1,0,0,0,0,0,0,0,0,0,0,0,0,0,0,0,0,0,0,0,0,0,0,1,0,0,0,0,0,0,0,0,0,0,0,0,0,0,0,0,0,0,0,0,0,0,0,0,0,0,1,0,0,0,1,0,0,0,0
RESEAU DES ENSAM ENSAM–Meknès,Génie Mécanique : Procédés de Fabrication Industrielle,"Production Manager, Industrial Engineer, Lean Consultant, Process Optimization Specialist",production manager industrial engineer lean consultant process optimization specialist,0,0,0,0,0,0,0,0,0,0,0,0,0,0,0,0,0,0,0,0,1,0,0,0,0,0,0,0,0,0,0,0,0,0,1,0,0,0,0,0,0,0,0,0,0,1,0,0,0,1,0,0,0,0,1,0,0,0,0,0,0,0,1,0,0,1,1,0,0,0,0,0,0,0,0,0,0,0,1,0,0,0,0,0,0,0,0,0,0,0,0,0,0
RESEAU DES ENSAM ENSAM–Meknès,Génie Mécanique : Structures et Ingénierie des Produits,"Mechanical Designer, Thermal Systems Engineer, Automotive Engineer",mechanical designer thermal systems engineer automotive engineer,0,0,0,0,0,0,1,0,0,0,0,0,0,0,0,0,0,0,0,0,0,0,0,0,0,1,0,0,0,0,0,0,0,0,1,0,0,0,0,0,0,0,0,0,0,0,0,0,0,0,0,0,0,0,0,0,0,1,0,0,0,0,0,0,0,0,0,0,0,0,0,0,0,0,0,0,0,0,0,0,0,0,0,0,1,0,0,0,1,0,0,0,0
RESEAU DES ENSAM ENSAM–Meknès,Génie Civil,"Civil Engineer, Infrastructure Manager, Urban Planner, Construction Manager",civil engineer infrastructure manager urban planner construction manager,0,0,0,0,0,0,0,0,0,0,0,0,0,0,0,1,0,0,0,1,0,0,0,0,0,0,0,0,0,0,0,0,0,0,1,0,0,0,0,0,0,0,0,0,0,0,1,0,0,0,0,0,0,0,1,0,0,0,0,0,0,0,0,1,0,0,0,0,0,0,0,0,0,0,0,0,0,0,0,0,0,0,0,0,0,0,0,0,0,0,1,0,0
ENSET Ecole Normale Supérieure de l’Enseignement Technique de Mohammedia,Génie électrique et énergies renouvelables,"Electrical Designer, Power Systems Engineer, Maintenance Manager, Telecommunications Engineer",electrical designer power systems engineer maintenance manager telecommunications engineer,0,0,0,0,0,0,0,0,0,0,0,0,0,0,0,0,0,0,0,0,0,0,0,0,0,1,0,0,0,0,0,1,0,0,1,0,0,0,0,0,0,0,0,0,0,0,0,0,0,0,0,0,0,1,1,0,0,0,0,0,0,0,0,0,1,0,0,0,0,0,0,0,0,0,0,0,0,0,0,0,0,0,0,0,1,0,0,1,0,0,0,0,0
ENSET Ecole Normale Supérieure de l’Enseignement Technique de Mohammedia,Génie électrique et contrôle de systèmes industriels,"Production Manager, Industrial Engineer, Lean Consultant, Process Optimization Specialist",production manager industrial engineer lean consultant process optimization specialist,0,0,0,0,0,0,0,0,0,0,0,0,0,0,0,0,0,0,0,0,1,0,0,0,0,0,0,0,0,0,0,0,0,0,1,0,0,0,0,0,0,0,0,0,0,1,0,0,0,1,0,0,0,0,1,0,0,0,0,0,0,0,1,0,0,1,1,0,0,0,0,0,0,0,0,0,0,0,1,0,0,0,0,0,0,0,0,0,0,0,0,0,0
ENSET Ecole Normale Supérieure de l’Enseignement Technique de Mohammedia,Génie du logiciel et des systèmes informatiques distribués,"Software Developer, Backend Engineer, Application Architect",software developer backend engineer application architect,0,0,0,1,1,0,0,1,0,0,0,0,0,0,0,0,0,0,0,0,0,0,0,0,0,0,1,0,0,0,0,0,0,0,1,0,0,0,0,0,0,0,0,0,0,0,0,0,0,0,0,0,0,0,0,0,0,0,0,0,0,0,0,0,0,0,0,0,0,0,0,0,0,0,0,0,0,1,0,0,0,0,0,0,0,0,0,0,0,0,0,0,0
ENSET Ecole Normale Supérieure de l’Enseignement Technique de Mohammedia,"Ingénierie Informatique, Big Data et Cloud Computing","Software Developer, Systems Analyst, Cloud Architect, Data Engineer",software developer systems analyst cloud architect data engineer,0,0,1,0,1,0,0,0,0,0,0,0,0,0,0,0,0,1,0,0,0,0,0,1,0,0,1,0,0,0,0,0,0,0,1,0,0,0,0,0,0,0,0,0,0,0,0,0,0,0,0,0,0,0,0,0,0,0,0,0,0,0,0,0,0,0,0,0,0,0,0,0,0,0,0,0,0,1,0,0,0,0,0,0,1,0,0,0,0,0,0,0,0
ENSET Ecole Normale Supérieure de l’Enseignement Technique de Mohammedia,Génie industriel et logistique,"Production Manager, Industrial Engineer, Lean Consultant, Process Optimization Specialist",production manager industrial engineer lean consultant process optimization specialist,0,0,0,0,0,0,0,0,0,0,0,0,0,0,0,0,0,0,0,0,1,0,0,0,0,0,0,0,0,0,0,0,0,0,1,0,0,0,0,0,0,0,0,0,0,1,0,0,0,1,0,0,0,0,1,0,0,0,0,0,0,0,1,0,0,1,1,0,0,0,0,0,0,0,0,0,0,0,1,0,0,0,0,0,0,0,0,0,0,0,0,0,0
ENSET Ecole Normale Supérieure de l’Enseignement Technique de Mohammedia,Génie mécanique des systèmes industriels,"Production Manager, Industrial Engineer, Lean Consultant, Process Optimization Specialist",production manager industrial engineer lean consultant process optimization specialist,0,0,0,0,0,0,0,0,0,0,0,0,0,0,0,0,0,0,0,0,1,0,0,0,0,0,0,0,0,0,0,0,0,0,1,0,0,0,0,0,0,0,0,0,0,1,0,0,0,1,0,0,0,0,1,0,0,0,0,0,0,0,1,0,0,1,1,0,0,0,0,0,0,0,0,0,0,0,1,0,0,0,0,0,0,0,0,0,0,0,0,0,0
RESEAU DES FST FST –Beni Mellal,Productique-Mécatronique,"Robotics Engineer, Automation Specialist, Systems Integrator",robotics engineer automation specialist systems integrator,0,0,0,0,0,1,0,0,0,0,0,0,0,0,0,0,0,0,0,0,0,0,0,0,0,0,0,0,0,0,0,0,0,0,1,0,0,0,0,0,0,0,0,0,0,0,0,1,0,0,0,0,0,0,0,0,0,0,0,0,0,0,0,0,0,0,0,0,0,0,0,0,0,1,0,0,0,0,1,0,0,0,0,0,1,0,0,0,0,0,0,0,0
RESEAU DES FST FST –Beni Mellal,Génie électrique option : Systèmes embarqués et informatique industrielle,"Production Manager, Industrial Engineer, Lean Consultant, Process Optimization Specialist",production manager industrial engineer lean consultant process optimization specialist,0,0,0,0,0,0,0,0,0,0,0,0,0,0,0,0,0,0,0,0,1,0,0,0,0,0,0,0,0,0,0,0,0,0,1,0,0,0,0,0,0,0,0,0,0,1,0,0,0,1,0,0,0,0,1,0,0,0,0,0,0,0,1,0,0,1,1,0,0,0,0,0,0,0,0,0,0,0,1,0,0,0,0,0,0,0,0,0,0,0,0,0,0
RESEAU DES FST FST –Beni Mellal,Management de la qualité et de la sécurité de la production agroalimentaire,"Chemical Engineer, Process Improvement Specialist, Industrial Consultant",chemical engineer process improvement specialist industrial consultant,0,0,0,0,0,0,0,0,0,0,0,0,0,0,1,0,0,0,0,0,1,0,0,0,0,0,0,0,0,0,0,0,0,0,1,0,0,0,0,0,0,0,0,0,1,1,0,0,0,0,0,0,0,0,0,0,0,0,0,0,0,0,0,0,0,1,0,0,0,0,0,0,0,0,0,0,0,0,1,0,0,0,0,0,0,0,0,0,0,0,0,0,0
RESEAU DES FST FST –Errachidia,Génie de l’Eau et de l’Environnement,"Environmental Engineer, Water Resource Manager, Ecological Consultant",environmental engineer water resource manager ecological consultant,0,0,0,0,0,0,0,0,0,0,0,0,0,0,0,0,0,0,0,0,1,0,0,0,0,0,0,0,0,1,0,0,0,0,1,1,0,0,0,0,0,0,0,0,0,0,0,0,0,0,0,0,0,0,1,0,0,0,0,0,0,0,0,0,0,0,0,0,0,0,0,1,0,0,0,0,0,0,0,0,0,0,0,0,0,0,0,0,0,0,0,0,1
RESEAU DES FST FST Fès,Industries agroalimentaires,"Production Manager, Industrial Engineer, Lean Consultant, Process Optimization Specialist",production manager industrial engineer lean consultant process optimization specialist,0,0,0,0,0,0,0,0,0,0,0,0,0,0,0,0,0,0,0,0,1,0,0,0,0,0,0,0,0,0,0,0,0,0,1,0,0,0,0,0,0,0,0,0,0,1,0,0,0,1,0,0,0,0,1,0,0,0,0,0,0,0,1,0,0,1,1,0,0,0,0,0,0,0,0,0,0,0,1,0,0,0,0,0,0,0,0,0,0,0,0,0,0
RESEAU DES FST FST Fès,Conception Mécanique et innovation,"Mechanical Designer, Thermal Systems Engineer, Automotive Engineer",mechanical designer thermal systems engineer automotive engineer,0,0,0,0,0,0,1,0,0,0,0,0,0,0,0,0,0,0,0,0,0,0,0,0,0,1,0,0,0,0,0,0,0,0,1,0,0,0,0,0,0,0,0,0,0,0,0,0,0,0,0,0,0,0,0,0,0,1,0,0,0,0,0,0,0,0,0,0,0,0,0,0,0,0,0,0,0,0,0,0,0,0,0,0,1,0,0,0,1,0,0,0,0
RESEAU DES FST FST Fès,Ingénierie en mécatronique,"Robotics Engineer, Automation Specialist, Systems Integrator",robotics engineer automation specialist systems integrator,0,0,0,0,0,1,0,0,0,0,0,0,0,0,0,0,0,0,0,0,0,0,0,0,0,0,0,0,0,0,0,0,0,0,1,0,0,0,0,0,0,0,0,0,0,0,0,1,0,0,0,0,0,0,0,0,0,0,0,0,0,0,0,0,0,0,0,0,0,0,0,0,0,1,0,0,0,0,1,0,0,0,0,0,1,0,0,0,0,0,0,0,0
RESEAU DES FST FST Fès,"Systèmes Intelligents, Communicants et Mobiles (SICoM)","AI System Developer, Control Systems Engineer, Smart Technologies Consultant",system developer control systems engineer smart technologies consultant,0,0,0,0,0,0,0,0,0,0,0,0,0,0,0,0,0,0,0,0,1,1,0,0,0,0,1,0,0,0,0,0,0,0,1,0,0,0,0,0,0,0,0,0,0,0,0,0,0,0,0,0,0,0,0,0,0,0,0,0,0,0,0,0,0,0,0,0,0,0,0,0,0,0,0,0,1,0,0,0,0,0,0,1,1,1,0,0,0,0,0,0,0
RESEAU DES FST FST Fès,"Ingénierie en Sciences Analytiques, Chimiométrie et Qualimétrie","Electrical Designer, Power Systems Engineer, Maintenance Manager, Telecommunications Engineer",electrical designer power systems engineer maintenance manager telecommunications engineer,0,0,0,0,0,0,0,0,0,0,0,0,0,0,0,0,0,0,0,0,0,0,0,0,0,1,0,0,0,0,0,1,0,0,1,0,0,0,0,0,0,0,0,0,0,0,0,0,0,0,0,0,0,1,1,0,0,0,0,0,0,0,0,0,1,0,0,0,0,0,0,0,0,0,0,0,0,0,0,0,0,0,0,0,1,0,0,1,0,0,0,0,0
RESEAU DES FST FST –Marrakech,Génie civil,"Civil Engineer, Infrastructure Manager, Urban Planner, Construction Manager",civil engineer infrastructure manager urban planner construction manager,0,0,0,0,0,0,0,0,0,0,0,0,0,0,0,1,0,0,0,1,0,0,0,0,0,0,0,0,0,0,0,0,0,0,1,0,0,0,0,0,0,0,0,0,0,0,1,0,0,0,0,0,0,0,1,0,0,0,0,0,0,0,0,1,0,0,0,0,0,0,0,0,0,0,0,0,0,0,0,0,0,0,0,0,0,0,0,0,0,0,1,0,0
RESEAU DES FST FST –Marrakech,Génie des Matériaux et Procédés,"Chemical Engineer, Process Improvement Specialist, Industrial Consultant",chemical engineer process improvement specialist industrial consultant,0,0,0,0,0,0,0,0,0,0,0,0,0,0,1,0,0,0,0,0,1,0,0,0,0,0,0,0,0,0,0,0,0,0,1,0,0,0,0,0,0,0,0,0,1,1,0,0,0,0,0,0,0,0,0,0,0,0,0,0,0,0,0,0,0,1,0,0,0,0,0,0,0,0,0,0,0,0,1,0,0,0,0,0,0,0,0,0,0,0,0,0,0
RESEAU DES FST FST –Marrakech,Industrie et Sécurité des Aliments,"Production Manager, Industrial Engineer, Lean Consultant, Process Optimization Specialist",production manager industrial engineer lean consultant process optimization specialist,0,0,0,0,0,0,0,0,0,0,0,0,0,0,0,0,0,0,0,0,1,0,0,0,0,0,0,0,0,0,0,0,0,0,1,0,0,0,0,0,0,0,0,0,0,1,0,0,0,1,0,0,0,0,1,0,0,0,0,0,0,0,1,0,0,1,1,0,0,0,0,0,0,0,0,0,0,0,1,0,0,0,0,0,0,0,0,0,0,0,0,0,0
RESEAU DES FST FST –Marrakech,Ingénierie en Finance et Actuariat,"Actuary, Risk Analyst, Financial Engineer",actuary risk analyst financial engineer,1,0,1,0,0,0,0,0,0,0,0,0,0,0,0,0,0,0,0,0,0,0,0,0,0,0,0,0,0,0,0,0,0,0,1,0,1,0,0,0,0,0,0,0,0,0,0,0,0,0,0,0,0,0,0,0,0,0,0,0,0,0,0,0,0,0,0,0,0,0,0,0,1,0,0,0,0,0,0,0,0,0,0,0,0,0,0,0,0,0,0,0,0
RESEAU DES FST FST –Marrakech,Energies Renouvelables et Mobilité Electrique,"Energy Consultant, Renewable Energy Specialist, Electric Vehicle Systems Engineer",energy consultant renewable energy specialist electric vehicle systems engineer,0,0,0,0,0,0,0,0,0,0,0,0,0,0,0,0,0,0,0,0,1,0,0,0,0,0,0,0,0,0,1,0,0,1,1,0,0,0,0,0,0,0,0,0,0,0,0,0,0,0,0,0,0,0,0,0,0,0,0,0,0,0,0,0,0,0,0,0,0,1,0,0,0,0,0,0,0,0,1,0,0,0,0,0,1,0,0,0,0,0,0,1,0
RESEAU DES FST FST –Marrakech,Ingénierie en Réseaux et Systèmes d'Information,"Network Engineer, Systems Administrator, IT Infrastructure Manager",network engineer systems administrator infrastructure manager,0,1,0,0,0,0,0,0,0,0,0,0,0,0,0,0,0,0,0,0,0,0,0,0,0,0,0,0,0,0,0,0,0,0,1,0,0,0,0,0,0,0,0,0,0,0,1,0,0,0,0,0,0,0,1,0,0,0,0,0,1,0,0,0,0,0,0,0,0,0,0,0,0,0,0,0,0,0,0,0,0,0,0,0,1,0,0,0,0,0,0,0,0
RESEAU DES FST FST –Mohammedia,Génie des Procédés et d'Environnement,"Chemical Engineer, Process Improvement Specialist, Industrial Consultant",chemical engineer process improvement specialist industrial consultant,0,0,0,0,0,0,0,0,0,0,0,0,0,0,1,0,0,0,0,0,1,0,0,0,0,0,0,0,0,0,0,0,0,0,1,0,0,0,0,0,0,0,0,0,1,1,0,0,0,0,0,0,0,0,0,0,0,0,0,0,0,0,0,0,0,1,0,0,0,0,0,0,0,0,0,0,0,0,1,0,0,0,0,0,0,0,0,0,0,0,0,0,0
RESEAU DES FST FST –Mohammedia,Génie Électrique et Télécoms,"Electrical Designer, Power Systems Engineer, Maintenance Manager, Telecommunications Engineer",electrical designer power systems engineer maintenance manager telecommunications engineer,0,0,0,0,0,0,0,0,0,0,0,0,0,0,0,0,0,0,0,0,0,0,0,0,0,1,0,0,0,0,0,1,0,0,1,0,0,0,0,0,0,0,0,0,0,0,0,0,0,0,0,0,0,1,1,0,0,0,0,0,0,0,0,0,1,0,0,0,0,0,0,0,0,0,0,0,0,0,0,0,0,0,0,0,1,0,0,1,0,0,0,0,0
RESEAU DES FST FST –Mohammedia,Génie Énergétique,"AI System Developer, Control Systems Engineer, Smart Technologies Consultant",system developer control systems engineer smart technologies consultant,0,0,0,0,0,0,0,0,0,0,0,0,0,0,0,0,0,0,0,0,1,1,0,0,0,0,1,0,0,0,0,0,0,0,1,0,0,0,0,0,0,0,0,0,0,0,0,0,0,0,0,0,0,0,0,0,0,0,0,0,0,0,0,0,0,0,0,0,0,0,0,0,0,0,0,0,1,0,0,0,0,0,0,1,1,1,0,0,0,0,0,0,0
RESEAU DES FST FST –Mohammedia,ILISI : Ingénierie logicielle et intégration des systèmes Informatiques,"Software Developer, Backend Engineer, Application Architect",software developer backend engineer application architect,0,0,0,1,1,0,0,1,0,0,0,0,0,0,0,0,0,0,0,0,0,0,0,0,0,0,1,0,0,0,0,0,0,0,1,0,0,0,0,0,0,0,0,0,0,0,0,0,0,0,0,0,0,0,0,0,0,0,0,0,0,0,0,0,0,0,0,0,0,0,0,0,0,0,0,0,0,1,0,0,0,0,0,0,0,0,0,0,0,0,0,0,0
RESEAU DES FST FST –Mohammedia,Ingénierie Mathématique et Informatique,"Software Developer, Systems Analyst, Cloud Architect, Data Engineer",software developer systems analyst cloud architect data engineer,0,0,1,0,1,0,0,0,0,0,0,0,0,0,0,0,0,1,0,0,0,0,0,1,0,0,1,0,0,0,0,0,0,0,1,0,0,0,0,0,0,0,0,0,0,0,0,0,0,0,0,0,0,0,0,0,0,0,0,0,0,0,0,0,0,0,0,0,0,0,0,0,0,0,0,0,0,1,0,0,0,0,0,0,1,0,0,0,0,0,0,0,0
RESEAU DES FST FST - Settat,Génie Industriel et Logistique,"Production Manager, Industrial Engineer, Lean Consultant, Process Optimization Specialist",production manager industrial engineer lean consultant process optimization specialist,0,0,0,0,0,0,0,0,0,0,0,0,0,0,0,0,0,0,0,0,1,0,0,0,0,0,0,0,0,0,0,0,0,0,1,0,0,0,0,0,0,0,0,0,0,1,0,0,0,1,0,0,0,0,1,0,0,0,0,0,0,0,1,0,0,1,1,0,0,0,0,0,0,0,0,0,0,0,1,0,0,0,0,0,0,0,0,0,0,0,0,0,0
RESEAU DES FST FST - Settat,Ingénierie Biomédicale : Instrumentation & Maintenance,"Biomedical Engineer, Medical Device Developer, Healthcare IT Consultant",biomedical engineer medical device developer healthcare consultant,0,0,0,0,0,0,0,0,0,0,0,1,0,0,0,0,0,0,0,0,1,0,0,0,0,0,1,0,1,0,0,0,0,0,1,0,0,0,0,0,0,0,1,0,0,0,0,0,0,0,0,0,0,0,0,0,0,0,1,0,0,0,0,0,0,0,0,0,0,0,0,0,0,0,0,0,0,0,0,0,0,0,0,0,0,0,0,0,0,0,0,0,0
RESEAU DES FST FST - Settat,Génie Informatique,"Software Developer, Systems Analyst, Cloud Architect, Data Engineer",software developer systems analyst cloud architect data engineer,0,0,1,0,1,0,0,0,0,0,0,0,0,0,0,0,0,1,0,0,0,0,0,1,0,0,1,0,0,0,0,0,0,0,1,0,0,0,0,0,0,0,0,0,0,0,0,0,0,0,0,0,0,0,0,0,0,0,0,0,0,0,0,0,0,0,0,0,0,0,0,0,0,0,0,0,0,1,0,0,0,0,0,0,1,0,0,0,0,0,0,0,0
RESEAU DES FST FST - Settat,Ingénierie de Conception et Productique,"Chemical Engineer, Process Improvement Specialist, Industrial Consultant",chemical engineer process improvement specialist industrial consultant,0,0,0,0,0,0,0,0,0,0,0,0,0,0,1,0,0,0,0,0,1,0,0,0,0,0,0,0,0,0,0,0,0,0,1,0,0,0,0,0,0,0,0,0,1,1,0,0,0,0,0,0,0,0,0,0,0,0,0,0,0,0,0,0,0,1,0,0,0,0,0,0,0,0,0,0,0,0,1,0,0,0,0,0,0,0,0,0,0,0,0,0,0
RESEAU DES FST FST - Settat,Ingénierie des Systèmes Électriques et Systèmes Embarqués,"Electrical Designer, Power Systems Engineer, Maintenance Manager, Telecommunications Engineer",electrical designer power systems engineer maintenance manager telecommunications engineer,0,0,0,0,0,0,0,0,0,0,0,0,0,0,0,0,0,0,0,0,0,0,0,0,0,1,0,0,0,0,0,1,0,0,1,0,0,0,0,0,0,0,0,0,0,0,0,0,0,0,0,0,0,1,1,0,0,0,0,0,0,0,0,0,1,0,0,0,0,0,0,0,0,0,0,0,0,0,0,0,0,0,0,0,1,0,0,1,0,0,0,0,0
RESEAU DES FST FST - Settat,Procédés et Ingénierie Chimique,"Chemical Engineer, Process Improvement Specialist, Industrial Consultant",chemical engineer process improvement specialist industrial consultant,0,0,0,0,0,0,0,0,0,0,0,0,0,0,1,0,0,0,0,0,1,0,0,0,0,0,0,0,0,0,0,0,0,0,1,0,0,0,0,0,0,0,0,0,1,1,0,0,0,0,0,0,0,0,0,0,0,0,0,0,0,0,0,0,0,1,0,0,0,0,0,0,0,0,0,0,0,0,1,0,0,0,0,0,0,0,0,0,0,0,0,0,0
RESEAU DES FST FST –Tanger,Génie Electrique et Management Industriel,"Production Manager, Industrial Engineer, Lean Consultant, Process Optimization Specialist",production manager industrial engineer lean consultant process optimization specialist,0,0,0,0,0,0,0,0,0,0,0,0,0,0,0,0,0,0,0,0,1,0,0,0,0,0,0,0,0,0,0,0,0,0,1,0,0,0,0,0,0,0,0,0,0,1,0,0,0,1,0,0,0,0,1,0,0,0,0,0,0,0,1,0,0,1,1,0,0,0,0,0,0,0,0,0,0,0,1,0,0,0,0,0,0,0,0,0,0,0,0,0,0
RESEAU DES FST FST –Tanger,Génie Industriel,"Production Manager, Industrial Engineer, Lean Consultant, Process Optimization Specialist",production manager industrial engineer lean consultant process optimization specialist,0,0,0,0,0,0,0,0,0,0,0,0,0,0,0,0,0,0,0,0,1,0,0,0,0,0,0,0,0,0,0,0,0,0,1,0,0,0,0,0,0,0,0,0,0,1,0,0,0,1,0,0,0,0,1,0,0,0,0,0,0,0,1,0,0,1,1,0,0,0,0,0,0,0,0,0,0,0,1,0,0,0,0,0,0,0,0,0,0,0,0,0,0
RESEAU DES FST FST –Tanger,Géo-information,"Geospatial Data Analyst, GIS Developer, Urban Mapping Specialist",geospatial data analyst gis developer urban mapping specialist,0,0,1,0,0,0,0,0,0,0,0,0,0,0,0,0,0,0,0,0,0,0,0,1,0,0,1,0,0,0,0,0,0,0,0,0,0,0,0,0,1,1,0,0,0,0,0,0,0,0,0,0,0,0,0,1,0,0,0,0,0,0,0,0,0,0,0,0,0,0,0,0,0,0,0,0,0,0,1,0,0,0,0,0,0,0,0,0,0,0,1,0,0
RESEAU DES FST FST –Tanger,Logiciels et Systèmes Intelligents (LSI),"Software Developer, Backend Engineer, Application Architect",software developer backend engineer application architect,0,0,0,1,1,0,0,1,0,0,0,0,0,0,0,0,0,0,0,0,0,0,0,0,0,0,1,0,0,0,0,0,0,0,1,0,0,0,0,0,0,0,0,0,0,0,0,0,0,0,0,0,0,0,0,0,0,0,0,0,0,0,0,0,0,0,0,0,0,0,0,0,0,0,0,0,0,1,0,0,0,0,0,0,0,0,0,0,0,0,0,0,0
RESEAU DES FST FST Al Hoceima,Procédés Industriel et Environnement. Option: Génie de Procédés et Environnement,"Environmental Process Engineer, Sustainability Specialist, Renewable Energy Analyst",environmental process engineer sustainability specialist renewable energy analyst,0,0,1,0,0,0,0,0,0,0,0,0,0,0,0,0,0,0,0,0,0,0,0,0,0,0,0,0,0,0,0,0,0,1,1,1,0,0,0,0,0,0,0,0,0,0,0,0,0,0,0,0,0,0,0,0,0,0,0,0,0,0,0,0,0,1,0,0,0,1,0,0,0,0,0,0,0,0,1,0,0,1,0,0,0,0,0,0,0,0,0,0,0
